,Unnamed: 0,Link,ID,详细,名字,价格,标签,描述,近期评价,发行日期,近期数量好评率,开发商,评论
0,0,https://store.steampowered.com/app/1938090/,1938090,"(' ', 'error', ' ', ' ', ' ', ' ', ' ', ' ', ' ')", ,error, , , , , , , 
1,1,https://store.steampowered.com/app/730/,730,"('Counter-Strike: Global Offensive', 'HK$116.00', '第一人称射击\n射击\n多人\n竞技\n动作\n团队导向\n电竞\n战术\n第一人称\n玩家对战\n在线合作\n合作\n策略\n军事\n战争\n困难\n贸易\n拟真\n快节奏\n可模组化', '《反恐精英：全球攻势》（CS: GO）延续了 1999 年原作在团队竞技类游戏上取得的成就。 CS: GO 的特色包含全新的地图、人物、武器、全新的游戏模式，并提供翻新后的 CS 经典内容（de_dust2 等）。', '特别好评', '2012 年 8 月 21 日', '过去 30 天内的 59,978 篇用户评测中有 89% 为好评。', 'Valve', ""别碰箱子,\n我在这里养了一只大屁股，路过的男朋友可以摸一摸，一个赞摸一次！????????????????????????????????????????????????????????????????????????????????????????????????????????????????????????????????????????????????????????????????????????????????????????????????????????????????????????????????????????????????????????????????????????????????????????????????????????????????????\n我是一个新手，说菜也没有那么菜，至少还是有fps基础的，我以前还没有碰过压力怪，今天我见着了，手枪局看队友死了踢队友，对吧，搞得跟踢了队友就能赢似的，队友对枪死了怪队友没补枪，你狠你自己为什么没对过啊，tmd我真是服了，我就是专门负责补枪位的，队友要的是互相激励，压力怪说白了就是内讧的，自己菜别怪队友阿！队友残局了还在指挥队友，tm有本事你自己来阿！影响别人心情，别人老外虽然说话难听，骂的难听，但是起码不会给你压力，你表现的好他们也是会夸你的，中国csgo玩家群体，我不知道怎么说，林子大了什么鸟都有，他给别人压力我就觉得我不见得他在现实中是个多么有素质的人，但凡是学生一类的玩家，情商高一点的玩家，怎么说也不会骂队友或者无辜踢人吧，我真是很可怜那些压力怪，他们在现实生活里面是如此的落魄才会在游戏里面发火，这只是游戏，输了又怎样，踢人的更可恶，你手枪局踢人是什么意思啊？踢掉了有什么用，我是忠心建议官方把踢人系统改一下，只有伤害队友，辱骂队友的时候可以踢。浅薄的建议：1.优先级玩几把休闲再考虑买不买2.平民玩家箱子最好卖出去，尽量不要开，会上瘾。【还好我后来自制力比较强】（有点钱的当我没说）3.tab+鼠标右键可以举报+和屏蔽压力怪的狗叫4.喜欢什么枪皮去buff和steam上面买，自己开有点划不来（除非是刀）5.这游戏对新手不是很友好，6.见人不要慌，入坑时步枪尽量点射，你就赌敌人枪法菜7.狂牙大行动新手不要去碰【被暴虐】8.比赛代币\\通行证不要盲目购买，这些东西仅供纪念9.可以尝试跟毛子讲中式英语为了避免成为下一个压力怪，最后说明：这只是游戏！这只是游戏！,,,,,,,,,,,,,,,,,,,,,,,,,,,,,,,,,,,,,,,,,,,,,,,,,,,,,,,,,,,,,,,这只是游戏！这只是游戏！,,,,,,,,,,,,,,,,,,,,,,,,,,,,,,,,,,,,,,,,,,,,,,,,,,,,,,,,,,,,,,,这只是游戏！这只是游戏！这只是游戏，不是生活，竞技模式排位不是你的命，不要把负面情绪带进来，不要因为竞技时队友的菜而踢掉别人，多加包容，如果是因为菜或者不小心误伤时踢队友，我都会默默地按下F2，希望更多的玩家按下F2。那些官匹开呱的不多，小心误封解不开优先级不是匹配速度更快，而是让你玩的相对更舒服，优先级如果是以箱子为目的的建议别买\n这里养了一只kun,kun,路过的朋友可以过来摸赞一次???,??????????????????????????????????,???????????????????????????????????????????????\n听党指挥,,,,,,,,,,,,,,,能打胜仗,?????????????????????????????????????????????????????????????????????????????????????????????????????????????????????????????????????????????????????????????????????????????????????????????????????????????????????????????????????????????????????????????????????????????????????????????????????????????????????????????????????\n外挂没有母亲，这是很难过的一件事情，但是他的父亲是谁，我们一无所知，毕竟每个人都有可能是他的父亲。外]有母H，@是很y^的一件事情，但是他的父H是l，我一o所知，竟每人都有可能是他的父H。プラグインのない母Hがいるのは悲しいことですが、父Hがlなのかわかりません。It,is,a,sad,thing,to,have,a,mother,without,a,plug-in,,but,we,do,n’t,know,who,his,father,is.,After,all,,everyone,can,be,his,father.C'est,triste,d'avoir,une,mère,sans,plug-in,,mais,on,ne,sait,pas,qui,est,son,père,,après,tout,,tout,le,monde,peut,être,son,père.Грустно,иметь,мать,без,плагина,,но,мы,не,знаем,,кто,его,отец.,Ведь,каждый,может,быть,его,отцом.Es,ist,traurig,,eine,Mutter,ohne,Plug-In,zu,haben,,aber,wir,wissen,nicht,,wer,sein,Vater,ist.,Schlie?lich,kann,jeder,sein,Vater,sein.plug-in,??????????????,??,??????????????????????????????????????????????????????????????????????????????????????Ε?ναι,λυπηρ?,να,?χουμε,μια,μητ?ρα,χωρ??,προσθ?κη,,αλλ?,δεν,ξ?ρουμε,ποιο?,ε?ναι,ο,πατ?ρα?,του.,Εξ?λλου,,?λοι,μπορο?ν,να,ε?ναι,ο,πατ?ρα?,του.\n我在这里养了一只大屁股，路过的男朋友可以摸一摸，一个赞摸一次！????????????????????????????????????????????????????????????????????????????????????????????????????????????????????????????????????????????????????????????????????????????????????????????????????????????????????????????????????????????????????????????????????????????????????????????????????????????????????\nCNCS的环境就这样：1.和广场舞大妈一样拉帮结派，服务器的同一个组的，服务器规则就是他们来定，不符就举报踢人。2.挂狗带着舔狗来官匹开，万年休闲玩家遭殃举报，还尼玛被OW封。我祝你们青马被拉帮结派定规则的人伦，因为你们就是给他们服务的。3.菜就是原罪，新手就要被踢，谁饰品价位高谁有理。握我住你们mama的B被这些人镶个钻石。\n心中有党,挂壁死光????????????????????????????????????????????????????????????????????????????????????????????????????????????????????????????????????????????????????????????????????????????????????????????????????????????????????????????????????????????????????????????????????????????????????????????????????????????????????????????????????\n永远跟党走，心中有党，事业理想。???????????????????????????????????????????????????????????????????????????????????????????????????????????????????????????????????????????????????????????????????????????????????????????????????????????????????????????????????????????????????????????????????????????????????????????????????????????\n才玩了一百二十小时，就已经达到传说中的黄金了，我是不是天才少年啊\n好\n很不错，最起码没有外挂的情况下很公平\n1\nxh\n好，很有精神\n还不错,\n刚刚在电脑上玩原神被来家里做客的女同学看见了，她骂我原P，我的心突然一紧，急忙解释不是这样的，为了证明我不是原P，我当着她的面打开了手机上的王者荣耀，我认为女生也会喜欢玩王者荣耀，只要找到共同点她就不会鄙视我了。可她却不屑的叫我农P，我内心满是茫然与羞耻，只能默默地看着主屏幕发呆，那位女同学看着我的二次元壁纸，对我说:“还是个二次元，那可真叫人恶心的”听到这我怒不可遏，直接打开了CSGO这款热门游戏，她吓得当场哭了，因为这是她第一次看到傻批\n6\n好玩,"")",Counter-Strike: Global Offensive,HK$116.00,"第一人称射击
射击
多人
竞技
动作
团队导向
电竞
战术
第一人称
玩家对战
在线合作
合作
策略
军事
战争
困难
贸易
拟真
快节奏
可模组化",《反恐精英：全球攻势》（CS: GO）延续了 1999 年原作在团队竞技类游戏上取得的成就。 CS: GO 的特色包含全新的地图、人物、武器、全新的游戏模式，并提供翻新后的 CS 经典内容（de_dust2 等）。,特别好评,2012 年 8 月 21 日,"过去 30 天内的 59,978 篇用户评测中有 89% 为好评。",Valve,"别碰箱子,
我在这里养了一只大屁股，路过的男朋友可以摸一摸，一个赞摸一次！????????????????????????????????????????????????????????????????????????????????????????????????????????????????????????????????????????????????????????????????????????????????????????????????????????????????????????????????????????????????????????????????????????????????????????????????????????????????????
我是一个新手，说菜也没有那么菜，至少还是有fps基础的，我以前还没有碰过压力怪，今天我见着了，手枪局看队友死了踢队友，对吧，搞得跟踢了队友就能赢似的，队友对枪死了怪队友没补枪，你狠你自己为什么没对过啊，tmd我真是服了，我就是专门负责补枪位的，队友要的是互相激励，压力怪说白了就是内讧的，自己菜别怪队友阿！队友残局了还在指挥队友，tm有本事你自己来阿！影响别人心情，别人老外虽然说话难听，骂的难听，但是起码不会给你压力，你表现的好他们也是会夸你的，中国csgo玩家群体，我不知道怎么说，林子大了什么鸟都有，他给别人压力我就觉得我不见得他在现实中是个多么有素质的人，但凡是学生一类的玩家，情商高一点的玩家，怎么说也不会骂队友或者无辜踢人吧，我真是很可怜那些压力怪，他们在现实生活里面是如此的落魄才会在游戏里面发火，这只是游戏，输了又怎样，踢人的更可恶，你手枪局踢人是什么意思啊？踢掉了有什么用，我是忠心建议官方把踢人系统改一下，只有伤害队友，辱骂队友的时候可以踢。浅薄的建议：1.优先级玩几把休闲再考虑买不买2.平民玩家箱子最好卖出去，尽量不要开，会上瘾。【还好我后来自制力比较强】（有点钱的当我没说）3.tab+鼠标右键可以举报+和屏蔽压力怪的狗叫4.喜欢什么枪皮去buff和steam上面买，自己开有点划不来（除非是刀）5.这游戏对新手不是很友好，6.见人不要慌，入坑时步枪尽量点射，你就赌敌人枪法菜7.狂牙大行动新手不要去碰【被暴虐】8.比赛代币\通行证不要盲目购买，这些东西仅供纪念9.可以尝试跟毛子讲中式英语为了避免成为下一个压力怪，最后说明：这只是游戏！这只是游戏！,,,,,,,,,,,,,,,,,,,,,,,,,,,,,,,,,,,,,,,,,,,,,,,,,,,,,,,,,,,,,,,这只是游戏！这只是游戏！,,,,,,,,,,,,,,,,,,,,,,,,,,,,,,,,,,,,,,,,,,,,,,,,,,,,,,,,,,,,,,,这只是游戏！这只是游戏！这只是游戏，不是生活，竞技模式排位不是你的命，不要把负面情绪带进来，不要因为竞技时队友的菜而踢掉别人，多加包容，如果是因为菜或者不小心误伤时踢队友，我都会默默地按下F2，希望更多的玩家按下F2。那些官匹开呱的不多，小心误封解不开优先级不是匹配速度更快，而是让你玩的相对更舒服，优先级如果是以箱子为目的的建议别买
这里养了一只kun,kun,路过的朋友可以过来摸赞一次???,??????????????????????????????????,???????????????????????????????????????????????
听党指挥,,,,,,,,,,,,,,,能打胜仗,?????????????????????????????????????????????????????????????????????????????????????????????????????????????????????????????????????????????????????????????????????????????????????????????????????????????????????????????????????????????????????????????????????????????????????????????????????????????????????????????????????
外挂没有母亲，这是很难过的一件事情，但是他的父亲是谁，我们一无所知，毕竟每个人都有可能是他的父亲。外]有母H，@是很y^的一件事情，但是他的父H是l，我一o所知，竟每人都有可能是他的父H。プラグインのない母Hがいるのは悲しいことですが、父Hがlなのかわかりません。It,is,a,sad,thing,to,have,a,mother,without,a,plug-in,,but,we,do,n’t,know,who,his,father,is.,After,all,,everyone,can,be,his,father.C'est,triste,d'avoir,une,mère,sans,plug-in,,mais,on,ne,sait,pas,qui,est,son,père,,après,tout,,tout,le,monde,peut,être,son,père.Грустно,иметь,мать,без,плагина,,но,мы,не,знаем,,кто,его,отец.,Ведь,каждый,может,быть,его,отцом.Es,ist,traurig,,eine,Mutter,ohne,Plug-In,zu,haben,,aber,wir,wissen,nicht,,wer,sein,Vater,ist.,Schlie?lich,kann,jeder,sein,Vater,sein.plug-in,??????????????,??,??????????????????????????????????????????????????????????????????????????????????????Ε?ναι,λυπηρ?,να,?χουμε,μια,μητ?ρα,χωρ??,προσθ?κη,,αλλ?,δεν,ξ?ρουμε,ποιο?,ε?ναι,ο,πατ?ρα?,του.,Εξ?λλου,,?λοι,μπορο?ν,να,ε?ναι,ο,πατ?ρα?,του.
我在这里养了一只大屁股，路过的男朋友可以摸一摸，一个赞摸一次！????????????????????????????????????????????????????????????????????????????????????????????????????????????????????????????????????????????????????????????????????????????????????????????????????????????????????????????????????????????????????????????????????????????????????????????????????????????????????
CNCS的环境就这样：1.和广场舞大妈一样拉帮结派，服务器的同一个组的，服务器规则就是他们来定，不符就举报踢人。2.挂狗带着舔狗来官匹开，万年休闲玩家遭殃举报，还尼玛被OW封。我祝你们青马被拉帮结派定规则的人伦，因为你们就是给他们服务的。3.菜就是原罪，新手就要被踢，谁饰品价位高谁有理。握我住你们mama的B被这些人镶个钻石。
心中有党,挂壁死光????????????????????????????????????????????????????????????????????????????????????????????????????????????????????????????????????????????????????????????????????????????????????????????????????????????????????????????????????????????????????????????????????????????????????????????????????????????????????????????????????
永远跟党走，心中有党，事业理想。???????????????????????????????????????????????????????????????????????????????????????????????????????????????????????????????????????????????????????????????????????????????????????????????????????????????????????????????????????????????????????????????????????????????????????????????????????????
才玩了一百二十小时，就已经达到传说中的黄金了，我是不是天才少年啊
好
很不错，最起码没有外挂的情况下很公平
1
xh
好，很有精神
还不错,
刚刚在电脑上玩原神被来家里做客的女同学看见了，她骂我原P，我的心突然一紧，急忙解释不是这样的，为了证明我不是原P，我当着她的面打开了手机上的王者荣耀，我认为女生也会喜欢玩王者荣耀，只要找到共同点她就不会鄙视我了。可她却不屑的叫我农P，我内心满是茫然与羞耻，只能默默地看着主屏幕发呆，那位女同学看着我的二次元壁纸，对我说:“还是个二次元，那可真叫人恶心的”听到这我怒不可遏，直接打开了CSGO这款热门游戏，她吓得当场哭了，因为这是她第一次看到傻批
6
好玩,"
2,2,https://store.steampowered.com/app/1361210/,1361210,"('战锤40K：暗潮', 'HK$299.00', '战锤 40K\n玩家对战环境\n第一人称射击\n砍杀\n在线合作\n射击\n刷宝射击游戏\n第一人称\n暴力\n团队导向\n动作冒险\n角色扮演\n恐怖\n科幻\n动作\n黑暗奇幻\n合作\n氛围\n战斗\n生存恐怖', '枪林弹雨，血雨腥风。在这款激烈残酷的动作射击游戏中，你将击杀无数嗜血凶恶的敌人，夺回巢都特提恩。《战锤40K：暗潮》是一款全新多人合作游戏，由曾开发《战锤：末世鼠疫》系列、屡获殊荣的团队――肥鲨（Fatshark）倾力打造，将带给你全新的游戏体验！ 特提恩衰落之际，正名之战打响之时。', '褒贬不一', '2022 年 11 月 30 日', '此游戏的 5,789 篇用户评测中有 69% 为好评。', 'Fatshark', '这游戏非常出色的做到了真正的防沉迷，让孩子无痛电子阳痿。把把卡结算，我到现在连奖励页面长什么样都不知道\n游戏是好游戏，但服务器是真的****本来我是不想打差评的，但是从昨天到现在我已经打了无数次序章，就那个灵能室的基础训练和额外训练结束后，叫我去一个什么大厅，进大厅要读图，读图就提示【已与服务器断开连接】……合着我买个游戏就为了玩序章是吧？到目前为止我已经试过的办法包括：1.,换加速器节点2.,换加速器3.,不挂加速器裸连4.,验证游戏完整性5.,重装游戏以上几次每种都试了好几次，一点卵用都没。什么时候能让我正常玩上游戏了，我就改回好评。\n暗潮和鼠疫2相比，在远程武器上有了长足的进步，子弹比较多可以一直突突突，可以自己捏脸再也不用套用五小强的模板了，画面音乐也有进步,这都不进步也不用做游戏了,但是1.暗潮不愧是叫做暗潮，屏幕暗的远处什么都看不清。2.暗潮的职业真的少的可怜，鼠疫2起码还是五小强，到这里变成4个了，而且没有职业分支；五小强区分明显有很强的代入感，暗潮自己捏完脸，我除了能一眼看出来大块头，其他三人压根不知道谁是谁。3.暗潮不能自己带3bot开游戏，所以不能先开打等好友加进来；暗潮做了断线重连机制，不会和鼠疫2一样和路人玩断线以后找不到房间的问题。4.暗潮特感区分度太低，特感往人群里一钻，不标记根本找不到；而且某些特感伤害过于离谱，人群中突然给你丢过来一颗手雷，或者喷火兵一管火喷出来就算不死也是半残。5.优化比较差，以我3060的笔记本为例，鼠疫2全低,天劫刷潮可以稳定60帧，暗潮全低跑路甚至都锁不住30帧。6.虽然远程武器进步很大，但是射击手感一言难尽，就算2042都比他强啊；再就是跑步系统和推怪共用体力机制，跑步消耗太大，甚至跑不到30m就没体力了，冲过去救人的时候经常因为跑太快导致没体力推怪。7.武器变成直接在商店购买了，我最喜欢的开箱环节没有了。8.闪退、掉线依然没有得到很好的解决，地图数量少，区域大同小异。综上，我又询问了几个几千小时的鼠疫2巨佬，他们目前也感觉暗潮不如鼠疫2好玩，所以目前来说先不推荐，等12月1号正式版上线我再更新后续游戏体验。游戏由SteamPY鉴赏家提供SteamPY鉴赏家上SteamPY淘海量超低价游戏,\n帝皇之佑护我躯神机临阵战必胜凌弃胆怯铁铸身赎罪机临阵讨敌无畏邪秽现荣耀人类至上献荣光所向无前无上忠诚一往无前无上荣耀吾踏先路诛杀异形邪妄异端碾落成泥神之机械降临日异端邪秽受死时赞美万机之神！欧姆弥赛亚！赞美人类帝皇！欧姆弥赛亚！\n你要问我推不推荐，当然推荐了。忠诚不绝对，绝对不忠诚。\n你tmlgb打boss人在终点游戏闪退，tmlgb加载三次回去人家都tm打完了，让路人进去把boss打了，tmlgb知道是测试版但还是tmlgb的很恶心啊\n跟前俩部打老鼠比,确实差点,,地图全是黑了吧唧,一黑遮百丑\n就目前游戏的品质表现力来说,完全不值188这个定价,为什么不值？,地图和职业数量过少，风格设计偷懒不用心,目前测试版是4张地图，正式版官方说有5张地图，也就是说正式版只比目前多了1张，而且目前的这4张地图，存在素材大量重复利用，一眼看过去每张地图都是几乎一样的风格，毫无特色，职业也少得可怜，只有4种，还没有分支。其他刷子游戏，如《杀地板》，甚至是同一开发商的前部作品《鼠疫》，都有数种风格完全不同的地图，十几种不同的职业，对比之下足以见本作设计上的偷懒，毫不用心。,上面这两点对于一个刷子游戏来说是致命的：即使你打击感做的再爽，画质做的再好，过于单一的内容也会让玩家容易腻烦，大大缩减游戏寿命。,优化和服务器质量极其糟糕！,难以想象都2022年了，居然还有优化这么烂的游戏。我不知道3090，4090这些高端卡的表现力如何，但我知道在超过官方最低配置的条件下，最低画质居然不能稳30帧，还要靠把分辨率降到1K以下，合着你这最低配置指的是游戏能开就行呗，毕竟1帧也算能运行，上一个优化如此之差的游戏叫2077，而它已经被喷烂了。服务器就不多说了，一如既往的烂，完美继承“后端连接错误”，甚至比《鼠疫》还糟糕，裸连完全看脸，挂加速器也只是能稳定链接不掉线而已，无论换什么节点，延迟都是时高时低，在联机游玩过程中的体验，可以说是非常糟糕。游戏在打击手感和配乐方面做的十分出色，地图和职业的数量，未来可能会更新添加，如果正式版肥鲨能把优化做好，稳定服务器质量，那么我还是愿意给个推荐，这个不推荐只是针对当前情况下的，毕竟谁也不愿意，花了几百大洋买回来的只是一个残次品，不是么？\n中国有句古话，叫：识时务者为俊杰，以下这些刑具（链锯剑、雷锤、爆失枪...），我想一定可以治疗阁下的电子阳痿，我希望你好好和帝国合作，皇帝不会亏待你的。纳尼？优化滴不好滴干活？中国还有句古话叫：不要敬酒不吃吃罚酒。毕竟，这是市面上最好滴战锤游戏滴干活。\n煞笔游戏，玩了一下午一晚上，把把吞结算，肥鲨你妈死了\n先修bug吧我发现玩星界军很容易掉，玩了七把掉了5把，玩欧格林就没有掉的那么频繁，为啥呢\n你说得对，但是《战锤40K:暗潮》已与服务器断开连接,internal_error还得是追随慈父（x\n垃圾游戏,我TM的打了一个下午,一滴经验都不给我,两个角色加起来几十把,一级都没升,WQNMLGB\n游戏质量绝对上乘，但服务器实在是太JB烂了，我开着加速器竟然还把把都掉线，根本就是开机就没运行过自检祷言，服务器也没涂过圣油开个光，必定机魂不悦。你们就是这么侍奉欧姆尼塞亚的，啊？！\n总的来说我还是推荐先说吐槽的，,一个是服务器问题，真的很拉，莫名其妙的掉线、失去连接、登不上去、还经常出现在结算时刻，辛辛苦苦打了半个小时，然后闪掉了真的很闹心。第二个是优化上，也是很拉，还有莫名其妙闪退的毛病。第三个是内容上，相比鼠疫来说真的是不够看（真心希望12月能直接给出四个职业的转职）；再有就是场面真的有点黑，很多时候看不清东西，我没玩过老兵和灵能者，不太清楚远程职业的体验，仅从大个的体验来说，可能是主近战的原因这一点影响可能没那么大，但是突然出现在眼前的陷阱者和喷火兵确实很吓人，而且也是近战的原因，离近了确实能看到特感和小兵的区别，比如陷阱和轰炸身上会有小红点，炮兵会有背包，重锤带头盔，但是离远了真的看不清，而且特感输出真的吓人，狙击手一枪基本干废半条命，轰炸者一颗雷也是小半条命，要是被怪围住了，来个轰炸者真的闹心。好的一点嘛，，，，，，这年头战锤的射击游戏除了这个你还能玩到什么呢？死亡之翼嘛？玩嘛不是玩呢，有链锯剑有爆弹枪就得了。Great,Maw,Hungry,!!!!\n一直崩溃，游戏体验极差\nRNM，无限载入，闪退,好不容易打完一局还卡结算不给经验值，最重要的是这游戏女角色尼玛比欧格林都难看！我他妈服了\n这服务器真服了！！！！！\n网络很差,我只能说未来可期\n存在很多问题，但希望以后能越来越好')",战锤40K：暗潮,HK$299.00,"战锤 40K
玩家对战环境
第一人称射击
砍杀
在线合作
射击
刷宝射击游戏
第一人称
暴力
团队导向
动作冒险
角色扮演
恐怖
科幻
动作
黑暗奇幻
合作
氛围
战斗
生存恐怖",枪林弹雨，血雨腥风。在这款激烈残酷的动作射击游戏中，你将击杀无数嗜血凶恶的敌人，夺回巢都特提恩。《战锤40K：暗潮》是一款全新多人合作游戏，由曾开发《战锤：末世鼠疫》系列、屡获殊荣的团队――肥鲨（Fatshark）倾力打造，将带给你全新的游戏体验！ 特提恩衰落之际，正名之战打响之时。,褒贬不一,2022 年 11 月 30 日,"此游戏的 5,789 篇用户评测中有 69% 为好评。",Fatshark,"这游戏非常出色的做到了真正的防沉迷，让孩子无痛电子阳痿。把把卡结算，我到现在连奖励页面长什么样都不知道
游戏是好游戏，但服务器是真的****本来我是不想打差评的，但是从昨天到现在我已经打了无数次序章，就那个灵能室的基础训练和额外训练结束后，叫我去一个什么大厅，进大厅要读图，读图就提示【已与服务器断开连接】……合着我买个游戏就为了玩序章是吧？到目前为止我已经试过的办法包括：1.,换加速器节点2.,换加速器3.,不挂加速器裸连4.,验证游戏完整性5.,重装游戏以上几次每种都试了好几次，一点卵用都没。什么时候能让我正常玩上游戏了，我就改回好评。
暗潮和鼠疫2相比，在远程武器上有了长足的进步，子弹比较多可以一直突突突，可以自己捏脸再也不用套用五小强的模板了，画面音乐也有进步,这都不进步也不用做游戏了,但是1.暗潮不愧是叫做暗潮，屏幕暗的远处什么都看不清。2.暗潮的职业真的少的可怜，鼠疫2起码还是五小强，到这里变成4个了，而且没有职业分支；五小强区分明显有很强的代入感，暗潮自己捏完脸，我除了能一眼看出来大块头，其他三人压根不知道谁是谁。3.暗潮不能自己带3bot开游戏，所以不能先开打等好友加进来；暗潮做了断线重连机制，不会和鼠疫2一样和路人玩断线以后找不到房间的问题。4.暗潮特感区分度太低，特感往人群里一钻，不标记根本找不到；而且某些特感伤害过于离谱，人群中突然给你丢过来一颗手雷，或者喷火兵一管火喷出来就算不死也是半残。5.优化比较差，以我3060的笔记本为例，鼠疫2全低,天劫刷潮可以稳定60帧，暗潮全低跑路甚至都锁不住30帧。6.虽然远程武器进步很大，但是射击手感一言难尽，就算2042都比他强啊；再就是跑步系统和推怪共用体力机制，跑步消耗太大，甚至跑不到30m就没体力了，冲过去救人的时候经常因为跑太快导致没体力推怪。7.武器变成直接在商店购买了，我最喜欢的开箱环节没有了。8.闪退、掉线依然没有得到很好的解决，地图数量少，区域大同小异。综上，我又询问了几个几千小时的鼠疫2巨佬，他们目前也感觉暗潮不如鼠疫2好玩，所以目前来说先不推荐，等12月1号正式版上线我再更新后续游戏体验。游戏由SteamPY鉴赏家提供SteamPY鉴赏家上SteamPY淘海量超低价游戏,
帝皇之佑护我躯神机临阵战必胜凌弃胆怯铁铸身赎罪机临阵讨敌无畏邪秽现荣耀人类至上献荣光所向无前无上忠诚一往无前无上荣耀吾踏先路诛杀异形邪妄异端碾落成泥神之机械降临日异端邪秽受死时赞美万机之神！欧姆弥赛亚！赞美人类帝皇！欧姆弥赛亚！
你要问我推不推荐，当然推荐了。忠诚不绝对，绝对不忠诚。
你tmlgb打boss人在终点游戏闪退，tmlgb加载三次回去人家都tm打完了，让路人进去把boss打了，tmlgb知道是测试版但还是tmlgb的很恶心啊
跟前俩部打老鼠比,确实差点,,地图全是黑了吧唧,一黑遮百丑
就目前游戏的品质表现力来说,完全不值188这个定价,为什么不值？,地图和职业数量过少，风格设计偷懒不用心,目前测试版是4张地图，正式版官方说有5张地图，也就是说正式版只比目前多了1张，而且目前的这4张地图，存在素材大量重复利用，一眼看过去每张地图都是几乎一样的风格，毫无特色，职业也少得可怜，只有4种，还没有分支。其他刷子游戏，如《杀地板》，甚至是同一开发商的前部作品《鼠疫》，都有数种风格完全不同的地图，十几种不同的职业，对比之下足以见本作设计上的偷懒，毫不用心。,上面这两点对于一个刷子游戏来说是致命的：即使你打击感做的再爽，画质做的再好，过于单一的内容也会让玩家容易腻烦，大大缩减游戏寿命。,优化和服务器质量极其糟糕！,难以想象都2022年了，居然还有优化这么烂的游戏。我不知道3090，4090这些高端卡的表现力如何，但我知道在超过官方最低配置的条件下，最低画质居然不能稳30帧，还要靠把分辨率降到1K以下，合着你这最低配置指的是游戏能开就行呗，毕竟1帧也算能运行，上一个优化如此之差的游戏叫2077，而它已经被喷烂了。服务器就不多说了，一如既往的烂，完美继承“后端连接错误”，甚至比《鼠疫》还糟糕，裸连完全看脸，挂加速器也只是能稳定链接不掉线而已，无论换什么节点，延迟都是时高时低，在联机游玩过程中的体验，可以说是非常糟糕。游戏在打击手感和配乐方面做的十分出色，地图和职业的数量，未来可能会更新添加，如果正式版肥鲨能把优化做好，稳定服务器质量，那么我还是愿意给个推荐，这个不推荐只是针对当前情况下的，毕竟谁也不愿意，花了几百大洋买回来的只是一个残次品，不是么？
中国有句古话，叫：识时务者为俊杰，以下这些刑具（链锯剑、雷锤、爆失枪...），我想一定可以治疗阁下的电子阳痿，我希望你好好和帝国合作，皇帝不会亏待你的。纳尼？优化滴不好滴干活？中国还有句古话叫：不要敬酒不吃吃罚酒。毕竟，这是市面上最好滴战锤游戏滴干活。
煞笔游戏，玩了一下午一晚上，把把吞结算，肥鲨你妈死了
先修bug吧我发现玩星界军很容易掉，玩了七把掉了5把，玩欧格林就没有掉的那么频繁，为啥呢
你说得对，但是《战锤40K:暗潮》已与服务器断开连接,internal_error还得是追随慈父（x
垃圾游戏,我TM的打了一个下午,一滴经验都不给我,两个角色加起来几十把,一级都没升,WQNMLGB
游戏质量绝对上乘，但服务器实在是太JB烂了，我开着加速器竟然还把把都掉线，根本就是开机就没运行过自检祷言，服务器也没涂过圣油开个光，必定机魂不悦。你们就是这么侍奉欧姆尼塞亚的，啊？！
总的来说我还是推荐先说吐槽的，,一个是服务器问题，真的很拉，莫名其妙的掉线、失去连接、登不上去、还经常出现在结算时刻，辛辛苦苦打了半个小时，然后闪掉了真的很闹心。第二个是优化上，也是很拉，还有莫名其妙闪退的毛病。第三个是内容上，相比鼠疫来说真的是不够看（真心希望12月能直接给出四个职业的转职）；再有就是场面真的有点黑，很多时候看不清东西，我没玩过老兵和灵能者，不太清楚远程职业的体验，仅从大个的体验来说，可能是主近战的原因这一点影响可能没那么大，但是突然出现在眼前的陷阱者和喷火兵确实很吓人，而且也是近战的原因，离近了确实能看到特感和小兵的区别，比如陷阱和轰炸身上会有小红点，炮兵会有背包，重锤带头盔，但是离远了真的看不清，而且特感输出真的吓人，狙击手一枪基本干废半条命，轰炸者一颗雷也是小半条命，要是被怪围住了，来个轰炸者真的闹心。好的一点嘛，，，，，，这年头战锤的射击游戏除了这个你还能玩到什么呢？死亡之翼嘛？玩嘛不是玩呢，有链锯剑有爆弹枪就得了。Great,Maw,Hungry,!!!!
一直崩溃，游戏体验极差
RNM，无限载入，闪退,好不容易打完一局还卡结算不给经验值，最重要的是这游戏女角色尼玛比欧格林都难看！我他妈服了
这服务器真服了！！！！！
网络很差,我只能说未来可期
存在很多问题，但希望以后能越来越好"
3,3,https://store.steampowered.com/app/570/,570,"('Dota 2', 'HK$104.00', '免费开玩\n多人在线战术竞技\n多人\n策略\n电竞\n团队导向\n竞技\n动作\n在线合作\n玩家对战\n困难\n合作\n即时战略\n塔防\n角色扮演\n奇幻\n角色自定义\n重玩价值\n动作角色扮演\n模拟', '每一天全球有数百万玩家化为一百余名Dota英雄展开大战。不论是游戏时间刚满10小时还是1000小时，比赛中总能找到新鲜感。定期的更新则保证游戏性、功能和英雄都能持续发展，Dota 2已真正地焕发了生命。', '多半好评', '2013 年 7 月 9 日', '过去 30 天内的 30,876 篇用户评测中有 75% 为好评。', 'Valve', '今天是牛子节，但是即使你看到这条评论后不点赞，善良的牛子精灵也会给你的牛子加长1cm，而且如果你点赞了，牛子精灵不仅会给你的牛子加长2cm，还可以让一个你最讨厌的人的牛子缩短1cm，如果你最讨厌的人是女生的话，牛子精灵就会让她的对象的牛子缩短1cm。\nDOTA2,是我玩过最好的端游，游戏没有任何缺点，三天两头更新是为了更好的游戏体验，红蓝字也很正常是我没见过世面，游戏卡顿是我电脑问题，服务器如丝般顺滑，不仅如此官方还有大量更新的帅气饰品和美丽至宝，游戏活动奖励丰富又不肝，解锁至宝体验良好，游戏界面精致角色模型可爱，天梯难度适中游戏体验非常良好，上不去分都是我手和脑子的问题，箱子开不出东西是因为我没洗脸，掉线是因为路由器没买对，总之都是我的问题。\n我在这里养了一只大屁股，路过的男朋友可以摸一摸，一个赞摸一次！????????????????????????????????????????????????????????????????????????????????????????????????????????????????????????????????????????????????????????????????????????????????????????????????????????????????????????????????????????????????????????????????????????????????????????????????????????????????????,\nLOL和DOTA的最大区别在于设计者如何教你玩游戏。本人两年前LOL在祖安钻石，依靠棺材板、光辉、火男以及辅助上分，DOTA2目前是万古流芳级别，应该有一定的游戏经验。这两个游戏之前经常换着玩，感觉每次都会有新感觉，而这种感觉就是来源与这个游戏节奏要怎么掌控。先说LOL，对于LOL玩家，总是知道自己在某个时间点该干什么事。比如我是辅助，那个年代就是先帮打野打BUFF，上线报ADC，抢个3J或者2J换一波血量，感觉打野快来的时候做个眼，之后帮助ADC推塔，再去中路推线，团战能开就开，不能开吃伤害保护ADC。恩，大概是这样吧，至少我是这么玩的。包括打野、中单、上单、ADC是不是都有同感？再说DOTA2，选择英雄不知道对面阵容的时候，你根本不知道会不会有人游走你，你线上会碰到几个人，甚至是对面有没有大哥都是个问题。等阵容选出来了，是不是仍然不清楚何时何地会有谁来骚扰你？所以要去猜，要去赌，比如3号位优势路互肥，大哥刚三，双中，总而言之对于一个不太熟练的人，总会有疑问要干嘛？究其原因，这就是游戏设计者到底教你玩了多少游戏。在我看来，LOL大概教了7-8成，DOTA2教了4-5成，为什么？不管哪个游戏都有版本之子，都是版本适应的战术，所以不可能拜托游戏设计者。其次我们用一组数据来看，在DOTA2最近结束的TI没有上场的英雄数量估计在20以内，而LOL的S锦标赛，我虽然不敢说全看了，至少后面EDG、RNG的比赛我还是看的，上场的英雄数量估计不超过20，总体节奏就是你拿大虫子，我拿猪妹，上来ban个露露抢个小炮，中路放个加里奥之类的。英雄上场率说明了一个问题，固定的模式下你必须选择强力的英雄，不然就会被打爆，而像DOTA2模式不固定的话，假设你选个大虫子这种笨重的英雄，我选个像剧毒、双头龙之类的辅助疯狂挂你，一点脾气都没有（别说我弄混了英雄，我就举个例子）。对线机制、带线机制和容错机制，因为DOTA2有反补所以可以促成一系列的操作，因为反补会造成巨大的经验和金钱差距，这样就会让玩家考虑怎么样能够使利益最大化，而LOL，上单位置打不过我还能蹭经验，偶尔补几个兵，虽然这样也是影响了发育，但是仍然有一定收益，如果加入反补怕是什么都没有。带线的问题更加明显，LOL没有带线，这个问题造成LOL牵一发动全身，毕竟分开打钱的五个人不可能瞬间聚集，而DOTA可以，带线可以创造拉扯的空间，可以制造人数上的优势，可以拖慢游戏的节奏。最后的容错机制包含防御塔和买活，这个问题显而易见我就不多说了。LOL这样的游戏设计让很多玩家能够迅速上手，并且比较轻松的享受游戏乐趣，能够很容易的完成自己的任务，对于大部分玩家是比较友善的，反观不得不说DOTA2的确有一定的难度。其次这样的设计让游戏更加容易把控，比赛中一波团战决定了3K经济，决定了防御塔，决定了大小龙，这一些列连锁反应基本可以说一波团战就有明显的优势，但是DOTA不可控的因素更多。总结，萝卜白菜各有所爱，你爱怎么玩怎么玩。//,-------------------------------------------------------------------分割线,1212更新感谢大家的批评和意见，对于某些争论比较多和细节的地方再做一些解释。“怎么样去理解游戏设计者叫你玩游戏”。我举个例子，小时玩过的军棋分为两类，一类是打乱排布暗棋子，就是说事先玩家不知道每个兵种的位置，每回合都需要去翻棋子再做打算；一类是明棋，大家摆开阵势干。而DOTA更像是前者，LOL更像是后者。这样的结果，就是DOTA更加需要信息，需要计算，需要谋划，最后才是开团。而LOL前面规划的环节比较淡化，所以说LOL想赢就必须打出非常细致、流畅的操作，必须把技能发挥到极致；相比于DOTA，很多时候团战是遭遇战、伏击战、或者是被迫守塔阵地战，策略选好了事半功倍，对于技能的把握没有要求那么高(当然还是要追求极致)。信息量。看过DOTA比赛的经常会说，某某辅助破雾，死的不亏，某某选手打出了信息，某某选手放了一个刁钻的眼位等等，会发现这些人没有制造任何直接经济，但是却非常关键，因为这些行为为DOTA战场清除了迷雾，让团队能够做出更有利的选择。而LOL对于信息量的要求其实没那么高，高端局、职业比赛，对手要干嘛基本上伸个脚指头就想到了。带线问题。这个问题怕是评论下面争论最多的。首先，每个游戏都有带线环节也都有带线战术，其次，之前表达的“LOL没有带线”是相对DOTA来说的。解释一下，LOL常说41分带，且中国队很多都输在了带线上。首先，LOL有没有32分带，有没有5人齐带？估计没有吧，DOTA这类带线非常多；其次，为什么很多战队、很多玩家很难驾驭带线战术，是因为这个战术的可操作性太低了，游戏设计者没给你发挥的空间，很多原因限制了只有少量英雄、特定情况下使用分带战术，并且难度较大。我看了一些其他答案，有人说DOTA2辅助可玩性低、没有经济的问题。这个问题比较复杂，像我之前说的，新手往往会在游戏中懵逼，特别是DOTA的3,4,5号位，往往不知道干什么，然后被队友喷，被对手提，这个现象确实存在。但是另一方面，当你熟悉这个游戏之后，你会发现辅助自身技能在前期的价值很高，不需要装备提升就可以在某个方面非常优秀，其次随着C位装备的积累，辅助面临的问题将是如何提高团队信息量，如何保证大哥将装备优势发挥出来，从这个角度看辅助不需要很多个人经济就可以有优秀的发挥。\n随着超哥这次TI失利，也许我的青春也就此落幕了，感谢DOTA&DOTA2陪伴我度过的那些日子，还有那些曾经一起开黑的朋友们。。。\n学习成本挺高的,但也挺有意思，主要是朋友叫我开黑玩的，快乐主要来自于他们的高血压（bushi）\n,Ti,赛事很成功游戏界的盛事之一,Dota2,大赛,The,Internation,刚刚结束。本届,Ti,11,的奖金没有去年那么靓眼，第一名是840万美金，第二名是240万美金，第三名是160万美金，但是这个数字仍然足以傲视全球游戏赛事。赛事很成功，看得也很过瘾，让你一颗久久没有玩游戏的心也悸动起来，忍不住的想玩两把。这也就是游戏赛事的作用吧，吸引更多玩家的加入与回归，延续游戏的生命，增加游戏的收入。,,\u3000欢迎关注,网易UU鉴赏家培养计划,,,\u3000来这里找优质游戏、开黑日友、白嫖UU时长卡\u3000,,,\u3000加速Steam社区、游戏记得用UU哦_(:з」∠)_\u3000,,现在作为观众，不是玩家，随便讲讲现在主要是作为一名观众，而不是玩家，己经连着看了很多届的,Ti。本届,Ti,最特殊的设计就是引入了突围赛机制，优点或者说是初衷可能是为了让玩家看得更过瘾，也吸引更多玩家观看，出发点绝对是好的。但是看下来之后，第一个感受就是有违赛事的公平，每届大赛想要问鼎都非常难，因为版本在不停的更新，不停需要理解和适应。而突围赛的引入就让这些打了更多比赛的战队有了更多磨练的机会，从而收获了更多经验，也更加熟悉适应当前的版本，进而更容易在赛事中取得好成绩。这一观点也确实印证在了本届Ti之中，本来在打预选赛的时候成绩不佳的两个战队,Team,Secret,和,Team,Liquid，在本届,Ti,由于突围赛的经验，越打越好，越来越熟悉版本，竟然两强全部出现了最终的前三。如果在往届的Ti，这两个战队都不会出现在赛场，结果他们不仅因为突围赛出现了赛场，还因为突围赛得到了比其他战队更加宝贵的比赛经验和锻炼，最终收获了高额奖金。突围赛的机制设计对于早己出现的其他战队来说，有违公平，这种大赛多打几场的磨练，对于版本的熟悉，简直太重要了。突围赛的机制引入第二个感受，就是比赛太多了，赛事太漫长了。或许选手也会累，起码作为观众的我累了，甚至后面最最关键的几场比赛我能看困，己经完全的审美疲劳。而当看完总决赛之后，我甚至不期待明年的Ti了。在往届的,Ti,总决赛之后可不是这样的，往届的总决赛之后都会给我一种意犹未尽之感，很想看也很期待下届的Ti。如果不出意外的话，我相信V社的精英们也应该发现了相关问题，明年的Ti应该会再次调整赛事机制。中国的战队近几年来发挥得越来越不好，因为现在的Dota2竞争越来越激烈，而我国的教育方式与国外完全不同，注重应试背诵，而轻思考。从比赛的打法就能看出来，他们缺乏一定的创造力，比赛也不够精彩。而且不只是在Dota2，在所有的团体项目上都是如此，足球，篮球等等都不例外。随着越来越多的敌人出现，Dota2在其他大洲也百花齐放，以后中国战队Ti再夺冠，恐怕可遇不可求。中国人不怕苦，不怕累，不怕死练，就怕更有创造力的团队。作为曾经的玩家，看比赛还行，玩起来真就没意思了，特别是当年玩得特别厉害，很注重配合，然后现在重回游戏里，就发现匹配到的全是沙比队友，他们各种乱送人头，乱走位，乱上，乱放，只会让你生气。有时候这样的情况会出现在对面，对面毫无反抗之力，局面一边倒，仍然没有刺激性和乐趣可言。而且现在的普通玩家好像很难去配合，即使遇到个别厉害的一二号位，他们也是蛮干单干，靠一己之力去赢下比赛，完全没有合作的味道。这个游戏真的不玩也罢，这是作为老玩家的我真实感受。至于Dota2的新玩家应该是有，只不过大部份都很平庸，真正能忍住玩下去的应该不多吧。毕竟现在好游戏也多，再也不是十年前那种好游戏不见天日，只有手游网游的年代。Dota2曾经很容易入人法眼，但现在应该也很难在众多游戏中脱颖而出吧。比赛赛事是吸引新人的手段之一，但是还需要做得更多来吸引更多的新人。至于老玩家回归，你不能老是给他们匹配那些沙比队友，这么搞谁还愿意回归呢。不管怎样，曾经爱过，真心希望,Dota2,与玩家珠联璧合，幸福美满。,\n远离，获得更好的人生。\ndota2，是一款我的问题的游戏\n对新手不友好，排位机制又劝退老玩家。\nDOTA可以说是青春了吧\n我最深爱的游戏，没有之一\n卡\n当玩了八千多小时的号因为被盗而封禁的时候，瞬间感觉盗塔它就不香了。\n主要是能领取本子,\n真他吗的垃圾游戏，匹配到的队友不是脑瘫就是智障。网络连接还垃圾，明明没有弹出准备确认的窗口，直接给你关黑屋\n1\n1\n服务器史上最垃圾的游戏，能不玩尽量不要玩\n卡爆了垃圾服务器')",Dota 2,HK$104.00,"免费开玩
多人在线战术竞技
多人
策略
电竞
团队导向
竞技
动作
在线合作
玩家对战
困难
合作
即时战略
塔防
角色扮演
奇幻
角色自定义
重玩价值
动作角色扮演
模拟",每一天全球有数百万玩家化为一百余名Dota英雄展开大战。不论是游戏时间刚满10小时还是1000小时，比赛中总能找到新鲜感。定期的更新则保证游戏性、功能和英雄都能持续发展，Dota 2已真正地焕发了生命。,多半好评,2013 年 7 月 9 日,"过去 30 天内的 30,876 篇用户评测中有 75% 为好评。",Valve,"今天是牛子节，但是即使你看到这条评论后不点赞，善良的牛子精灵也会给你的牛子加长1cm，而且如果你点赞了，牛子精灵不仅会给你的牛子加长2cm，还可以让一个你最讨厌的人的牛子缩短1cm，如果你最讨厌的人是女生的话，牛子精灵就会让她的对象的牛子缩短1cm。
DOTA2,是我玩过最好的端游，游戏没有任何缺点，三天两头更新是为了更好的游戏体验，红蓝字也很正常是我没见过世面，游戏卡顿是我电脑问题，服务器如丝般顺滑，不仅如此官方还有大量更新的帅气饰品和美丽至宝，游戏活动奖励丰富又不肝，解锁至宝体验良好，游戏界面精致角色模型可爱，天梯难度适中游戏体验非常良好，上不去分都是我手和脑子的问题，箱子开不出东西是因为我没洗脸，掉线是因为路由器没买对，总之都是我的问题。
我在这里养了一只大屁股，路过的男朋友可以摸一摸，一个赞摸一次！????????????????????????????????????????????????????????????????????????????????????????????????????????????????????????????????????????????????????????????????????????????????????????????????????????????????????????????????????????????????????????????????????????????????????????????????????????????????????,
LOL和DOTA的最大区别在于设计者如何教你玩游戏。本人两年前LOL在祖安钻石，依靠棺材板、光辉、火男以及辅助上分，DOTA2目前是万古流芳级别，应该有一定的游戏经验。这两个游戏之前经常换着玩，感觉每次都会有新感觉，而这种感觉就是来源与这个游戏节奏要怎么掌控。先说LOL，对于LOL玩家，总是知道自己在某个时间点该干什么事。比如我是辅助，那个年代就是先帮打野打BUFF，上线报ADC，抢个3J或者2J换一波血量，感觉打野快来的时候做个眼，之后帮助ADC推塔，再去中路推线，团战能开就开，不能开吃伤害保护ADC。恩，大概是这样吧，至少我是这么玩的。包括打野、中单、上单、ADC是不是都有同感？再说DOTA2，选择英雄不知道对面阵容的时候，你根本不知道会不会有人游走你，你线上会碰到几个人，甚至是对面有没有大哥都是个问题。等阵容选出来了，是不是仍然不清楚何时何地会有谁来骚扰你？所以要去猜，要去赌，比如3号位优势路互肥，大哥刚三，双中，总而言之对于一个不太熟练的人，总会有疑问要干嘛？究其原因，这就是游戏设计者到底教你玩了多少游戏。在我看来，LOL大概教了7-8成，DOTA2教了4-5成，为什么？不管哪个游戏都有版本之子，都是版本适应的战术，所以不可能拜托游戏设计者。其次我们用一组数据来看，在DOTA2最近结束的TI没有上场的英雄数量估计在20以内，而LOL的S锦标赛，我虽然不敢说全看了，至少后面EDG、RNG的比赛我还是看的，上场的英雄数量估计不超过20，总体节奏就是你拿大虫子，我拿猪妹，上来ban个露露抢个小炮，中路放个加里奥之类的。英雄上场率说明了一个问题，固定的模式下你必须选择强力的英雄，不然就会被打爆，而像DOTA2模式不固定的话，假设你选个大虫子这种笨重的英雄，我选个像剧毒、双头龙之类的辅助疯狂挂你，一点脾气都没有（别说我弄混了英雄，我就举个例子）。对线机制、带线机制和容错机制，因为DOTA2有反补所以可以促成一系列的操作，因为反补会造成巨大的经验和金钱差距，这样就会让玩家考虑怎么样能够使利益最大化，而LOL，上单位置打不过我还能蹭经验，偶尔补几个兵，虽然这样也是影响了发育，但是仍然有一定收益，如果加入反补怕是什么都没有。带线的问题更加明显，LOL没有带线，这个问题造成LOL牵一发动全身，毕竟分开打钱的五个人不可能瞬间聚集，而DOTA可以，带线可以创造拉扯的空间，可以制造人数上的优势，可以拖慢游戏的节奏。最后的容错机制包含防御塔和买活，这个问题显而易见我就不多说了。LOL这样的游戏设计让很多玩家能够迅速上手，并且比较轻松的享受游戏乐趣，能够很容易的完成自己的任务，对于大部分玩家是比较友善的，反观不得不说DOTA2的确有一定的难度。其次这样的设计让游戏更加容易把控，比赛中一波团战决定了3K经济，决定了防御塔，决定了大小龙，这一些列连锁反应基本可以说一波团战就有明显的优势，但是DOTA不可控的因素更多。总结，萝卜白菜各有所爱，你爱怎么玩怎么玩。//,-------------------------------------------------------------------分割线,1212更新感谢大家的批评和意见，对于某些争论比较多和细节的地方再做一些解释。“怎么样去理解游戏设计者叫你玩游戏”。我举个例子，小时玩过的军棋分为两类，一类是打乱排布暗棋子，就是说事先玩家不知道每个兵种的位置，每回合都需要去翻棋子再做打算；一类是明棋，大家摆开阵势干。而DOTA更像是前者，LOL更像是后者。这样的结果，就是DOTA更加需要信息，需要计算，需要谋划，最后才是开团。而LOL前面规划的环节比较淡化，所以说LOL想赢就必须打出非常细致、流畅的操作，必须把技能发挥到极致；相比于DOTA，很多时候团战是遭遇战、伏击战、或者是被迫守塔阵地战，策略选好了事半功倍，对于技能的把握没有要求那么高(当然还是要追求极致)。信息量。看过DOTA比赛的经常会说，某某辅助破雾，死的不亏，某某选手打出了信息，某某选手放了一个刁钻的眼位等等，会发现这些人没有制造任何直接经济，但是却非常关键，因为这些行为为DOTA战场清除了迷雾，让团队能够做出更有利的选择。而LOL对于信息量的要求其实没那么高，高端局、职业比赛，对手要干嘛基本上伸个脚指头就想到了。带线问题。这个问题怕是评论下面争论最多的。首先，每个游戏都有带线环节也都有带线战术，其次，之前表达的“LOL没有带线”是相对DOTA来说的。解释一下，LOL常说41分带，且中国队很多都输在了带线上。首先，LOL有没有32分带，有没有5人齐带？估计没有吧，DOTA这类带线非常多；其次，为什么很多战队、很多玩家很难驾驭带线战术，是因为这个战术的可操作性太低了，游戏设计者没给你发挥的空间，很多原因限制了只有少量英雄、特定情况下使用分带战术，并且难度较大。我看了一些其他答案，有人说DOTA2辅助可玩性低、没有经济的问题。这个问题比较复杂，像我之前说的，新手往往会在游戏中懵逼，特别是DOTA的3,4,5号位，往往不知道干什么，然后被队友喷，被对手提，这个现象确实存在。但是另一方面，当你熟悉这个游戏之后，你会发现辅助自身技能在前期的价值很高，不需要装备提升就可以在某个方面非常优秀，其次随着C位装备的积累，辅助面临的问题将是如何提高团队信息量，如何保证大哥将装备优势发挥出来，从这个角度看辅助不需要很多个人经济就可以有优秀的发挥。
随着超哥这次TI失利，也许我的青春也就此落幕了，感谢DOTA&DOTA2陪伴我度过的那些日子，还有那些曾经一起开黑的朋友们。。。
学习成本挺高的,但也挺有意思，主要是朋友叫我开黑玩的，快乐主要来自于他们的高血压（bushi）
,Ti,赛事很成功游戏界的盛事之一,Dota2,大赛,The,Internation,刚刚结束。本届,Ti,11,的奖金没有去年那么靓眼，第一名是840万美金，第二名是240万美金，第三名是160万美金，但是这个数字仍然足以傲视全球游戏赛事。赛事很成功，看得也很过瘾，让你一颗久久没有玩游戏的心也悸动起来，忍不住的想玩两把。这也就是游戏赛事的作用吧，吸引更多玩家的加入与回归，延续游戏的生命，增加游戏的收入。,,　欢迎关注,网易UU鉴赏家培养计划,,,　来这里找优质游戏、开黑日友、白嫖UU时长卡　,,,　加速Steam社区、游戏记得用UU哦_(:з」∠)_　,,现在作为观众，不是玩家，随便讲讲现在主要是作为一名观众，而不是玩家，己经连着看了很多届的,Ti。本届,Ti,最特殊的设计就是引入了突围赛机制，优点或者说是初衷可能是为了让玩家看得更过瘾，也吸引更多玩家观看，出发点绝对是好的。但是看下来之后，第一个感受就是有违赛事的公平，每届大赛想要问鼎都非常难，因为版本在不停的更新，不停需要理解和适应。而突围赛的引入就让这些打了更多比赛的战队有了更多磨练的机会，从而收获了更多经验，也更加熟悉适应当前的版本，进而更容易在赛事中取得好成绩。这一观点也确实印证在了本届Ti之中，本来在打预选赛的时候成绩不佳的两个战队,Team,Secret,和,Team,Liquid，在本届,Ti,由于突围赛的经验，越打越好，越来越熟悉版本，竟然两强全部出现了最终的前三。如果在往届的Ti，这两个战队都不会出现在赛场，结果他们不仅因为突围赛出现了赛场，还因为突围赛得到了比其他战队更加宝贵的比赛经验和锻炼，最终收获了高额奖金。突围赛的机制设计对于早己出现的其他战队来说，有违公平，这种大赛多打几场的磨练，对于版本的熟悉，简直太重要了。突围赛的机制引入第二个感受，就是比赛太多了，赛事太漫长了。或许选手也会累，起码作为观众的我累了，甚至后面最最关键的几场比赛我能看困，己经完全的审美疲劳。而当看完总决赛之后，我甚至不期待明年的Ti了。在往届的,Ti,总决赛之后可不是这样的，往届的总决赛之后都会给我一种意犹未尽之感，很想看也很期待下届的Ti。如果不出意外的话，我相信V社的精英们也应该发现了相关问题，明年的Ti应该会再次调整赛事机制。中国的战队近几年来发挥得越来越不好，因为现在的Dota2竞争越来越激烈，而我国的教育方式与国外完全不同，注重应试背诵，而轻思考。从比赛的打法就能看出来，他们缺乏一定的创造力，比赛也不够精彩。而且不只是在Dota2，在所有的团体项目上都是如此，足球，篮球等等都不例外。随着越来越多的敌人出现，Dota2在其他大洲也百花齐放，以后中国战队Ti再夺冠，恐怕可遇不可求。中国人不怕苦，不怕累，不怕死练，就怕更有创造力的团队。作为曾经的玩家，看比赛还行，玩起来真就没意思了，特别是当年玩得特别厉害，很注重配合，然后现在重回游戏里，就发现匹配到的全是沙比队友，他们各种乱送人头，乱走位，乱上，乱放，只会让你生气。有时候这样的情况会出现在对面，对面毫无反抗之力，局面一边倒，仍然没有刺激性和乐趣可言。而且现在的普通玩家好像很难去配合，即使遇到个别厉害的一二号位，他们也是蛮干单干，靠一己之力去赢下比赛，完全没有合作的味道。这个游戏真的不玩也罢，这是作为老玩家的我真实感受。至于Dota2的新玩家应该是有，只不过大部份都很平庸，真正能忍住玩下去的应该不多吧。毕竟现在好游戏也多，再也不是十年前那种好游戏不见天日，只有手游网游的年代。Dota2曾经很容易入人法眼，但现在应该也很难在众多游戏中脱颖而出吧。比赛赛事是吸引新人的手段之一，但是还需要做得更多来吸引更多的新人。至于老玩家回归，你不能老是给他们匹配那些沙比队友，这么搞谁还愿意回归呢。不管怎样，曾经爱过，真心希望,Dota2,与玩家珠联璧合，幸福美满。,
远离，获得更好的人生。
dota2，是一款我的问题的游戏
对新手不友好，排位机制又劝退老玩家。
DOTA可以说是青春了吧
我最深爱的游戏，没有之一
卡
当玩了八千多小时的号因为被盗而封禁的时候，瞬间感觉盗塔它就不香了。
主要是能领取本子,
真他吗的垃圾游戏，匹配到的队友不是脑瘫就是智障。网络连接还垃圾，明明没有弹出准备确认的窗口，直接给你关黑屋
1
1
服务器史上最垃圾的游戏，能不玩尽量不要玩
卡爆了垃圾服务器"
4,4,https://store.steampowered.com/app/1817190/,1817190,"('Marvel’s Spider-Man: Miles Morales', 'HK$398.00', '动作\n冒险\n开放世界\n超级英雄\n单人\n第三人称\n探索\n跑酷\n战斗\n剧情丰富\n动作冒险\n漫画\n色情内容\n潜行\n多人\nLGBTQ+', '在《漫威蜘蛛侠》重制版发生的事件过后，少年迈尔斯・墨拉莱斯一边努力适应新家的生活，一边追随导师彼得・帕克的脚步，成为新一代的蜘蛛侠。然而，当一场激烈的权力斗争威胁到他的家园时，迈尔斯必须继承蜘蛛侠的衣钵，扛下这个重责大任。', '特别好评', '2022 年 11 月 18 日', '此游戏的 1,319 篇用户评测中有 94% 为好评。', 'Insomniac Games', '兄弟们，我是傻逼\n游戏确实可以，比一代好多了，特效很炫但是索尼该死这点逃不掉，流程极短，充其量只能算一个一代里面的dlc（推荐100以下入手）最初我以为会出一个集合包和一代一起，贵点就贵点但是你这个完全恶心人是吧？这么贵？什么时候国区比日区游戏贵快小100了？？？？你这个还不如一代性价比高，你是真该死啊索尼\n有一点想说一下，我打了一个多小时剧情已经25%了，想问下索尼母亲是不是死的连灰都不剩了？一个大型dlc卖这么贵，要不是真的喜欢小黑蛛真的不可能原价入手，大家还是斟酌一下，毕竟主线太短了\n对马岛PC版GKD！对马岛PC版GKD！对马岛PC版GKD！对马岛PC版GKD！对马岛PC版GKD！对马岛PC版GKD！对马岛PC版GKD！对马岛PC版GKD！对马岛PC版GKD！对马岛PC版GKD！对马岛PC版GKD！对马岛PC版GKD！对马岛PC版GKD！对马岛PC版GKD！\n玩了一会，怎么主线就搞了五分之一了？不对劲啊这个！明明白皮蜘蛛侠时间那么长的！这是不是说明..........有没有人管管啊？！索尼种族歧视啊！暗地里嘲讽黑人短小呢！那群打拳快来看看啊喂！\n好玩，好玩，对马岛和美末赶紧安排\n追车任务，当结束动作是踩车门做滑板时，游戏会卡死。连续卡死两次了。其他动作好像不会造成卡死。望修复\n我会在空中玩手机了，哈哈哈哈哈\n玩了7个小时就差不多结束了，战衣也没有上一部的多但玩法还是很不错的。打击感很棒，我个人觉得还不错刚开始就是冲着那个背包里有猫去的。有点像大型DLC，47个GB上一部有69GB也没啥可说的了\n还是熟悉的味道，甚至连找鸽子都一模一样\n游戏是好游戏，流程短定价偏高\n好玩是好玩，比一代流程短（少了一半吧，但是收集也挺多），但是小黑珠打架很花，打起来连招舒服。战衣里面有好几套帅的，比起一代衣服真的好很多了，但是有没有和我一样打到最终boss用一下毒液拳就必闪退的，是什么鬼问题，后面硬是用终结技和平a打死了后面过场也闪退是什么问题。。。。。\n最高难度，12小时，除了好邻居基本全收集了，92%，进行到最后的终章死档了，加载存档就闪退，真有你的索尼，这价钱卖我个dlc就算了，我12个小时至少闪退过七八次，这玩意就跟迈尔斯的肤色一样，是一坨包着巧克力的答辩??\n主线完结。之前通关了重置版的全流程。总体来说这代游戏一上手荡蛛丝和战斗系统是惊喜，但主线任务几乎全是打斗，中后期偏疲倦；而且主线的剧情流程如果快推的话几个小时就能完成……确实短。如果是剧情任务党的话，强烈建议入手重置版，体验感完全不同；如果只是喜欢爽快花哨炫酷的打斗游戏，本作还是很出色的。总体给个好评，还不错。期待明年2代新作！\n画面以及战斗不错\n虽然游戏不错，但这移植的是真滴烂，移动端3070ti帧数老是波动，尤其是战斗的时候，玩的贼JB难受，不如上一次蜘蛛侠的移植。\n别玩\nlm,Spider,Man!!!!!!!!!!!!!!!!!!!!!!!!!\n两代预购玩家,感觉比红蜘蛛好,就是战斗手感怪了点,没有红蜘蛛那种爽的感觉,不过目前玩了8小时还感觉可以,剧情不错\n司马索尼大黑屁眼子')",Marvel’s Spider-Man: Miles Morales,HK$398.00,"动作
冒险
开放世界
超级英雄
单人
第三人称
探索
跑酷
战斗
剧情丰富
动作冒险
漫画
色情内容
潜行
多人
LGBTQ+",在《漫威蜘蛛侠》重制版发生的事件过后，少年迈尔斯・墨拉莱斯一边努力适应新家的生活，一边追随导师彼得・帕克的脚步，成为新一代的蜘蛛侠。然而，当一场激烈的权力斗争威胁到他的家园时，迈尔斯必须继承蜘蛛侠的衣钵，扛下这个重责大任。,特别好评,2022 年 11 月 18 日,"此游戏的 1,319 篇用户评测中有 94% 为好评。",Insomniac Games,"兄弟们，我是傻逼
游戏确实可以，比一代好多了，特效很炫但是索尼该死这点逃不掉，流程极短，充其量只能算一个一代里面的dlc（推荐100以下入手）最初我以为会出一个集合包和一代一起，贵点就贵点但是你这个完全恶心人是吧？这么贵？什么时候国区比日区游戏贵快小100了？？？？你这个还不如一代性价比高，你是真该死啊索尼
有一点想说一下，我打了一个多小时剧情已经25%了，想问下索尼母亲是不是死的连灰都不剩了？一个大型dlc卖这么贵，要不是真的喜欢小黑蛛真的不可能原价入手，大家还是斟酌一下，毕竟主线太短了
对马岛PC版GKD！对马岛PC版GKD！对马岛PC版GKD！对马岛PC版GKD！对马岛PC版GKD！对马岛PC版GKD！对马岛PC版GKD！对马岛PC版GKD！对马岛PC版GKD！对马岛PC版GKD！对马岛PC版GKD！对马岛PC版GKD！对马岛PC版GKD！对马岛PC版GKD！
玩了一会，怎么主线就搞了五分之一了？不对劲啊这个！明明白皮蜘蛛侠时间那么长的！这是不是说明..........有没有人管管啊？！索尼种族歧视啊！暗地里嘲讽黑人短小呢！那群打拳快来看看啊喂！
好玩，好玩，对马岛和美末赶紧安排
追车任务，当结束动作是踩车门做滑板时，游戏会卡死。连续卡死两次了。其他动作好像不会造成卡死。望修复
我会在空中玩手机了，哈哈哈哈哈
玩了7个小时就差不多结束了，战衣也没有上一部的多但玩法还是很不错的。打击感很棒，我个人觉得还不错刚开始就是冲着那个背包里有猫去的。有点像大型DLC，47个GB上一部有69GB也没啥可说的了
还是熟悉的味道，甚至连找鸽子都一模一样
游戏是好游戏，流程短定价偏高
好玩是好玩，比一代流程短（少了一半吧，但是收集也挺多），但是小黑珠打架很花，打起来连招舒服。战衣里面有好几套帅的，比起一代衣服真的好很多了，但是有没有和我一样打到最终boss用一下毒液拳就必闪退的，是什么鬼问题，后面硬是用终结技和平a打死了后面过场也闪退是什么问题。。。。。
最高难度，12小时，除了好邻居基本全收集了，92%，进行到最后的终章死档了，加载存档就闪退，真有你的索尼，这价钱卖我个dlc就算了，我12个小时至少闪退过七八次，这玩意就跟迈尔斯的肤色一样，是一坨包着巧克力的答辩??
主线完结。之前通关了重置版的全流程。总体来说这代游戏一上手荡蛛丝和战斗系统是惊喜，但主线任务几乎全是打斗，中后期偏疲倦；而且主线的剧情流程如果快推的话几个小时就能完成……确实短。如果是剧情任务党的话，强烈建议入手重置版，体验感完全不同；如果只是喜欢爽快花哨炫酷的打斗游戏，本作还是很出色的。总体给个好评，还不错。期待明年2代新作！
画面以及战斗不错
虽然游戏不错，但这移植的是真滴烂，移动端3070ti帧数老是波动，尤其是战斗的时候，玩的贼JB难受，不如上一次蜘蛛侠的移植。
别玩
lm,Spider,Man!!!!!!!!!!!!!!!!!!!!!!!!!
两代预购玩家,感觉比红蜘蛛好,就是战斗手感怪了点,没有红蜘蛛那种爽的感觉,不过目前玩了8小时还感觉可以,剧情不错
司马索尼大黑屁眼子"
5,5,https://store.steampowered.com/app/1811260/,1811260,"('EA SPORTS?《FIFA 23》', 'HK$599.00', '体育\n足球\n沉浸式模拟\n足球/美式足球\n管理\n玩家对战\n电竞\n控制器\n第三人称\n团队导向\n模拟\n拟真\n合作\n本地合作\n本地多人\n多人\n在线合作\n单人\n玩家对战环境\n动漫', '通过 EA SPORTS? 《FIFA 23》 11 月 9 日推出的男子 FIFA World Cup? 更新，无需任何额外花费即可体验足坛最盛大锦标赛的激情！', '褒贬不一', '2022 年 9 月 29 日', '过去 30 天内的 6,490 篇用户评测中有 52% 为好评。', 'EA Canada & EA Romania', 'wo,cao,nima,EA\n我是傻逼，看到这么多差评还怀揣着侥幸心理，以为自己可以玩。\n我认为一款游戏上线一个月，连最基础的登录问题都无法解决并不是能力问题，而是态度问题，这么大的团队，这么多玩家的反馈不可能听不见，我建议EA考虑改个名，Electronic,Ass@h0le更适合贵公司的调性EA你马死了，你爷爷你奶奶你祖宗十八代都会因为你这个鬼物蒙羞，我要去你爷爷坟前烧烧纸让你爷爷在阴间拿着和你脑容量一样大小的勺子掏掏你奶奶的烂b\n林加德不是99我不能接受\n你说的对，但是《FIFA23》是由EA自主研发的一款全新开放世界冒险游戏。游戏发生在一个被称作「绿茵场」的幻想世界，在这里，被神选中的人将被授予「-248」，导引元素之力\u200c\u200b\u200b\u200b\u200c\u200c\u200c\u200c\u200c\u200c\u200c\u200c\u200b\u200b\u200c\u200c\u200b\u200c\u200c\u200c\u200b\u200c\u200b。你将扮演一位名为「大冤种」的神秘角色，在自由的旅行中邂逅性格各异、能力独特的同伴们，和他们一起击败强敌，找回失散的亲人――同时，逐步发掘「ANTICHEAT」的真相。\n从FIFA19一直买到FIFA23,这是我买到过最t,m烂的一代FIFA,我真想知道你们EA是怎么做到没有妈还能长这么大的？优化稀烂PC端多高配置60帧都稳定不住？球员在球场上跟t,m糊糊一样,还有你们那个n,c的反外挂的设置,我一个常年玩经理的人我开你妈的挂？挂加速器还搞出多个计算机使用得冷却24h不让使用游戏这个弱智设计,你还好意思被人叫美国腾讯？你TM服务器运营能比上腾讯脚后跟都不错了,就是看着最后一代版权了就t,m开始摆大烂了呗？C,N,M,EA\n解决问题了，如果是点击游戏开始的时候弹窗黑屏闪退，直接去C:\\Program,Files\\EA\\AC,打开EAAntiCheat.lnstaller.exe点击FAFA23全部卸载，然后直接启动游戏即可。很多教学是去游戏安装盘去卸载反作弊系统没有用的，必须是C盘的反作弊系统，不用重启卸载后直接开游戏就行了。\n累计充值了差不多七千块钱，因为下了个自动做sbc的插件，导致账号被盗。损失了价值三百万的球员，我去找EA客服申诉，等了一个星期，结果他把剩下的几十万金币清空了，说是我违规倒金，他妈的盗号的把我球员低价卖了能不违规吗？！EA客服不给恢复球员，把我剩下的金币扣没了还舔个脸和我说你可以正常游玩了。这辈子不可能再玩EA的游戏了，腾讯都比他良心百倍，至少腾讯充值到位还有心悦客服，不可能干出这么畜生的事来\n这里养了一只藤原千花，路过的朋友可以摸摸她一赞摸一次????????????????????????????????????????????????????????????????????????????????????????????????????????????????????????????????????????????????????????????????????????????????????????????????????????????????????????????????????????????????????????????????????????????????????????????????????????????????????????????????????\n更新完登不上去了,真是逆天\n买来设置了1小时,进不了游戏,,FIFA98就开始玩,不想FIFA现在如此垃圾了,加密程序,要关这样那样的,退款退款\n最后一届FIFA了\nSBEANMSL\n好游戏，我充了几千块，然后现在告诉我没有启动安全管理，谢谢，EA你可真是个司马仔，日内瓦，退钱\n只要能过了反作弊系统安装这一关，得以顺利进入游戏，那必然得给这年货游戏一个好评啊\nschei?e\n臭傻逼,,,老子淘宝花钱找人修都进不去游戏\n傻,逼,登都登不进去，玩,你吗\n去死！\n你妈真的死了,老子经常进不去,你妈biss今晚')",EA SPORTS?《FIFA 23》,HK$599.00,"体育
足球
沉浸式模拟
足球/美式足球
管理
玩家对战
电竞
控制器
第三人称
团队导向
模拟
拟真
合作
本地合作
本地多人
多人
在线合作
单人
玩家对战环境
动漫",通过 EA SPORTS? 《FIFA 23》 11 月 9 日推出的男子 FIFA World Cup? 更新，无需任何额外花费即可体验足坛最盛大锦标赛的激情！,褒贬不一,2022 年 9 月 29 日,"过去 30 天内的 6,490 篇用户评测中有 52% 为好评。",EA Canada & EA Romania,"wo,cao,nima,EA
我是傻逼，看到这么多差评还怀揣着侥幸心理，以为自己可以玩。
我认为一款游戏上线一个月，连最基础的登录问题都无法解决并不是能力问题，而是态度问题，这么大的团队，这么多玩家的反馈不可能听不见，我建议EA考虑改个名，Electronic,Ass@h0le更适合贵公司的调性EA你马死了，你爷爷你奶奶你祖宗十八代都会因为你这个鬼物蒙羞，我要去你爷爷坟前烧烧纸让你爷爷在阴间拿着和你脑容量一样大小的勺子掏掏你奶奶的烂b
林加德不是99我不能接受
你说的对，但是《FIFA23》是由EA自主研发的一款全新开放世界冒险游戏。游戏发生在一个被称作「绿茵场」的幻想世界，在这里，被神选中的人将被授予「-248」，导引元素之力???????????????????????。你将扮演一位名为「大冤种」的神秘角色，在自由的旅行中邂逅性格各异、能力独特的同伴们，和他们一起击败强敌，找回失散的亲人――同时，逐步发掘「ANTICHEAT」的真相。
从FIFA19一直买到FIFA23,这是我买到过最t,m烂的一代FIFA,我真想知道你们EA是怎么做到没有妈还能长这么大的？优化稀烂PC端多高配置60帧都稳定不住？球员在球场上跟t,m糊糊一样,还有你们那个n,c的反外挂的设置,我一个常年玩经理的人我开你妈的挂？挂加速器还搞出多个计算机使用得冷却24h不让使用游戏这个弱智设计,你还好意思被人叫美国腾讯？你TM服务器运营能比上腾讯脚后跟都不错了,就是看着最后一代版权了就t,m开始摆大烂了呗？C,N,M,EA
解决问题了，如果是点击游戏开始的时候弹窗黑屏闪退，直接去C:\Program,Files\EA\AC,打开EAAntiCheat.lnstaller.exe点击FAFA23全部卸载，然后直接启动游戏即可。很多教学是去游戏安装盘去卸载反作弊系统没有用的，必须是C盘的反作弊系统，不用重启卸载后直接开游戏就行了。
累计充值了差不多七千块钱，因为下了个自动做sbc的插件，导致账号被盗。损失了价值三百万的球员，我去找EA客服申诉，等了一个星期，结果他把剩下的几十万金币清空了，说是我违规倒金，他妈的盗号的把我球员低价卖了能不违规吗？！EA客服不给恢复球员，把我剩下的金币扣没了还舔个脸和我说你可以正常游玩了。这辈子不可能再玩EA的游戏了，腾讯都比他良心百倍，至少腾讯充值到位还有心悦客服，不可能干出这么畜生的事来
这里养了一只藤原千花，路过的朋友可以摸摸她一赞摸一次????????????????????????????????????????????????????????????????????????????????????????????????????????????????????????????????????????????????????????????????????????????????????????????????????????????????????????????????????????????????????????????????????????????????????????????????????????????????????????????????????
更新完登不上去了,真是逆天
买来设置了1小时,进不了游戏,,FIFA98就开始玩,不想FIFA现在如此垃圾了,加密程序,要关这样那样的,退款退款
最后一届FIFA了
SBEANMSL
好游戏，我充了几千块，然后现在告诉我没有启动安全管理，谢谢，EA你可真是个司马仔，日内瓦，退钱
只要能过了反作弊系统安装这一关，得以顺利进入游戏，那必然得给这年货游戏一个好评啊
schei?e
臭傻逼,,,老子淘宝花钱找人修都进不去游戏
傻,逼,登都登不进去，玩,你吗
去死！
你妈真的死了,老子经常进不去,你妈biss今晚"
6,6,https://store.steampowered.com/app/1203220/,1203220,"('永劫无间', 'HK$338.00', '色情内容\n大逃杀\n多人\n裸露\n武术\n玩家对战\n生存\n第三人称\n动作\n砍杀\n女性主角\n角色自定义\n大型多人在线\n剑术\n跑酷\n暴力\n格斗\n冒险\n动漫\n血腥', '挥舞利刃，斩杀！端起火枪，爆头！享受远近结合的华丽战斗！ 在房顶跑酷，在树林中飞索穿梭，广大的地图任君高速前行！ 活用英雄能力，用风沙、隐身，甚至化身金刚大佛碾碎敌人！ 独一无二的60人生存竞技，成为最后的赢家！', '褒贬不一', '2021 年 8 月 11 日', '过去 30 天内的 4,243 篇用户评测中有 59% 为好评。', '24 Entertainment', '刚刚在电脑上玩原神被来家里做客的女同事看见了，她骂我原P，我的心突然一紧，急忙解释不是这样的，为了证明我不是原P，我当着她的面打开了手机上的王者荣耀，我认为女生也会喜欢玩王者荣耀，只要找到共同点她就不会鄙视我了。可她却不屑的叫我农P，我内心满是茫然与羞耻，只能默默地看着主屏幕发呆，那位女同学看着我的二次元壁纸，对我说:“哟？还是个二次元P，那可真够叫人恶心的~！”听到这我怒不可遏，直接打开永杰无间这款热门游戏，她吓得当场哭了，因为这是她第一次看到傻B！,\n不建议购买,优化差环境差,皮肤倒是更新挺快而且还不错,但您猜怎么着,嗨和谐了不知道为了个啥给那加布料,那叫一个秀啊,商品随便改是吧,现在改紫的,以后怕不是连金皮红皮都不放过,谁敢买你的皮肤？？白瞎设计师的创造和玩家的热情,你永劫还是一个千万销量的国产游戏这么搞,以后国产出的了好游戏？就这种审核机制封建思想是吧?全民永远16岁天真少男少女是吧?裹小脚,扎小辫,见面其叫爷。鲨雕东西\n给朋友口了一周终于给我买了\n垃圾游戏，会不会优化，不会优化别搞这些虚的，天天出皮肤搞比赛，出完皮肤加布料，当玩家是韭菜是不是，sb游戏，赶紧凉了算了,\n不会优化就别优化，谢谢！\n电脑不行的不要玩,越更新月卡,煞笔游戏11,14日,,号被永封了,,,,,看了一下登陆记录,并没有人盗号,,当天还在打,,,把把基本都是倒数,,,晚上一看永久封号了,,,如果是因为差评给我封号了,那网易确实牛逼,,,以后不会再碰网易游戏了日你妈退钱,我还傻逼的冲了几大百11,18号,发现好像是被人盗号了,但是并没有游戏记录,难道说是开我号打自定义去了？\n从第二赛季玩到现在，刚开始玩的开开心心的到现在后悔入坑。游戏本身是好的，也是一款很特别独特的游戏。因为永劫我也遇见了很重要的人。可惜就败在我玩的是美服。第二赛季的时候还是有很多玩家的，虽然学习操作的过程比较痛苦，但是还算新手友好。有组队的和破坏游戏范围的人也是第一时间就被封了。北美留学生和很多外国友人都是很开心他们在美服这边开服，也让国产游戏有机会走向世界化。,然后从第三赛季开始，玩的久了一点的人开始发现玩美服的问题了，到了现在这个赛季几乎把玩家全劝退了，身边朋友也是一个个退游了。这些是问题所在（美服）：1.,首先就是玩家开始减少，导致实力出现两极分化。强的人天天玩，休闲玩家和新手只要一周不玩，每次玩游戏都是在被虐。这可能也是为什么工作室不开始重视美服的原因。没有玩家没有钱赚，开始不重视。2.,因为没有玩家，匹配系统不能按照国服的模式匹配玩家。当时玩第二和前半第三赛季的时候，同段位玩家一场游戏至少要等2到3小时（单排）有些时候甚至要更久。后来他们就改匹配系统了，所有段位玩家都可以匹配到一起。青铜玩家只要过了刚开始那几局人机局，就会被破匹配到其他段位里面。心态再怎么好，对抗这些从第一赛季就开始玩的人，你天天被虐还不如直接放弃比较实在。还有一点是，正常游戏同一时间匹配，匹配到一起的机率本该是很小的，在美服，有90%可能的机率是匹配到一起的。也就是说这一个小时匹配的玩家只够匹配到一局游戏里面。最近他们想靠在Twitch上有流量的主播赚点曝光（美服直播平台）那些刚下载游戏的青铜主播直接被匹配到了修罗局，打3秒就被秒了。匹配下一把同样是老玩家的局，可以说是毫无游戏体验。本来以为xbox可以带来一些玩家，可是他们可以选择不匹配到pc玩家，还可以让对局里匹配的都是机器人，导致他们的排行榜上的段位粉个个过几十万，就等于是人机局上无双修罗。当把他们放在pc玩家局里的时候，活也活不过几秒。像这种情况其他娱乐模式也别想了，美服唯一能匹配的就是排位。3.,优化和服务器上的问题。美服这边西北玩家没有服务器节点，导致在这边玩的人的延迟高达70,80。在东边那些玩家的延迟是30,40。大家也知道在这个游戏里延迟是多重要的一个存在，不像中国服务器全地区都有，美服只有一方有。优化方面，我不知道国服是不是也是自从出了新地图就卡到爆，美服这边是每次更新，就更卡。fps也一直在减。在这边都出了一个梗,“对不起永劫我没有10k的pc”,听说国服笔记本也能玩，美服这边不可能。还有pc配置低的就别入手了，打架屏幕跳帧卡一下，你多半就没了。4.,开挂和恶意组队。现在卡逼挂逼到处都是，振不到的开微加速的基本上在每场游戏里都有，但问题就是美服这边玩家的延迟都不一样，所以玩家都会辩解说自己是低延迟。最恶劣的就是组队的人，光明正大组队的人双排里面天天有，有些演都不带演的，玩家录视频举报上传，结果只有个别人被封，而且只是封3天，只是3天！3天过后又回来组队恶心人。美服这边没有封号的团队，就导致这些破坏游戏环境的玩家到处都是，当你点开这些人的主页的时候，你会发现这些人都是修罗，而且都是前几在排行榜上的人。这边举办比赛不是把玩家拉到同一个场所比赛，而是自个在家比。,像美服举办的比赛，也有人开挂和组队的人。团队的不专业到这种程度我也挺吃惊的。网易那么有钱，永劫在国服那么成功，如果稍微重视一下我们，现在其他服也不会堕落成这样。游戏真的是好游戏，我觉得这个游戏可以在国外也火起来。但是就是因为你们的不重视导致现在永劫只能做国然鸬挠蜗贰６且我说的这几个点真的没有在加重化，你们如果来美服玩，也是第一时候就会发现这些问题所在。我知道我的建议并不会被看到，但我的建议是如果你们还想在国外火起来的话，就加大在外服的专业的团队，让那些开挂和组队的人受到应有的惩罚。先清理现有游戏里的侵害，再想办法把游戏体验优化到和国认嗤一致，给美国加更多服务器节点，让所有人都有差不多的延迟。游戏优化做好了以后再去运营，现在在美国能让游戏再有知名度的爆料就是让游戏免费，但前提是一定要把游戏优化弄好，这样也会留住新玩家。美服现在的状况不能和国服一样去运营，希望策划能用点心真正看看这边需要什么。不然你们在Twitch上那些仅剩的主播们，在2023年也全会退游了，到时候就真的没人为你们在这边打广告了，在美国有火的机会是不可能的了。如果真的哪天你们选择给外服停服，我希望能给我们这些海外留学生一个账号转移到国服的一个机会，毕竟也冲了那么多钱钱，有了很多服饰。\n玩n，m，本来就不是给小学生玩的游戏，管n，m，呢服了，网上这么多如91的色情app你不管，这么多黄色你不去，一个这游戏你和谐和谐和谐，喔测泥码了，加p布料呢，算不算欺诈，给不给退钱？？？\n傻逼网易，tmd出个垃圾手游还给端游和谐，去你妈的。出个手游个小学生玩吗，现在不是大清。非要留辫子，裹小脚对吗。清朝僵尸复活看到的还是它的大清。闭关锁国是吧。你妈的，路上穿的衣服比这少的不是很多吗。是不是全你妈要拉去坐牢，他妈的手游干嘛，你妈的端游好好的，出个手游要和谐了。你他妈真会玩，傻逼游戏，出个手游给你妈的小学生去玩。不知道你在想些什么，好好的一款游戏他妈的，出个手游全被祸害了。在头上的辫子可以去除，在心里的辫子永远也去除不了，对吗？\n《民法总则》中明确规定网络游戏的虚拟人物形象、道具等商业产品，具有【财产属性】，是消费者购买并合法拥有的【个人财产】。网络游戏公司不得以任何理由，在未经消费者同意的情况下擅自对消费者已购买的产品做出外观和功能上的改变。网游运营公司不得以任何通知、声明、格式条款等模式来对消费者进行不公平的规定和限制，以此来逼迫消费者接受处于“强势方”的不合理安排。\n不玩一天难受玩了难受一天\nsb\n对这个游戏有很大的期望，希望狗网易别搞毁了\n不适合新手，来的是晒比，纯纯怨种\n很好玩,\n我是傻逼\n好玩\n单排环境太差了，都是组狗，官方也不管\n666\n真垃圾策划，,皮肤天天出，优化不好好搞！,垃圾,这辈子都不想玩了。')",永劫无间,HK$338.00,"色情内容
大逃杀
多人
裸露
武术
玩家对战
生存
第三人称
动作
砍杀
女性主角
角色自定义
大型多人在线
剑术
跑酷
暴力
格斗
冒险
动漫
血腥",挥舞利刃，斩杀！端起火枪，爆头！享受远近结合的华丽战斗！ 在房顶跑酷，在树林中飞索穿梭，广大的地图任君高速前行！ 活用英雄能力，用风沙、隐身，甚至化身金刚大佛碾碎敌人！ 独一无二的60人生存竞技，成为最后的赢家！,褒贬不一,2021 年 8 月 11 日,"过去 30 天内的 4,243 篇用户评测中有 59% 为好评。",24 Entertainment,"刚刚在电脑上玩原神被来家里做客的女同事看见了，她骂我原P，我的心突然一紧，急忙解释不是这样的，为了证明我不是原P，我当着她的面打开了手机上的王者荣耀，我认为女生也会喜欢玩王者荣耀，只要找到共同点她就不会鄙视我了。可她却不屑的叫我农P，我内心满是茫然与羞耻，只能默默地看着主屏幕发呆，那位女同学看着我的二次元壁纸，对我说:“哟？还是个二次元P，那可真够叫人恶心的~！”听到这我怒不可遏，直接打开永杰无间这款热门游戏，她吓得当场哭了，因为这是她第一次看到傻B！,
不建议购买,优化差环境差,皮肤倒是更新挺快而且还不错,但您猜怎么着,嗨和谐了不知道为了个啥给那加布料,那叫一个秀啊,商品随便改是吧,现在改紫的,以后怕不是连金皮红皮都不放过,谁敢买你的皮肤？？白瞎设计师的创造和玩家的热情,你永劫还是一个千万销量的国产游戏这么搞,以后国产出的了好游戏？就这种审核机制封建思想是吧?全民永远16岁天真少男少女是吧?裹小脚,扎小辫,见面其叫爷。鲨雕东西
给朋友口了一周终于给我买了
垃圾游戏，会不会优化，不会优化别搞这些虚的，天天出皮肤搞比赛，出完皮肤加布料，当玩家是韭菜是不是，sb游戏，赶紧凉了算了,
不会优化就别优化，谢谢！
电脑不行的不要玩,越更新月卡,煞笔游戏11,14日,,号被永封了,,,,,看了一下登陆记录,并没有人盗号,,当天还在打,,,把把基本都是倒数,,,晚上一看永久封号了,,,如果是因为差评给我封号了,那网易确实牛逼,,,以后不会再碰网易游戏了日你妈退钱,我还傻逼的冲了几大百11,18号,发现好像是被人盗号了,但是并没有游戏记录,难道说是开我号打自定义去了？
从第二赛季玩到现在，刚开始玩的开开心心的到现在后悔入坑。游戏本身是好的，也是一款很特别独特的游戏。因为永劫我也遇见了很重要的人。可惜就败在我玩的是美服。第二赛季的时候还是有很多玩家的，虽然学习操作的过程比较痛苦，但是还算新手友好。有组队的和破坏游戏范围的人也是第一时间就被封了。北美留学生和很多外国友人都是很开心他们在美服这边开服，也让国产游戏有机会走向世界化。,然后从第三赛季开始，玩的久了一点的人开始发现玩美服的问题了，到了现在这个赛季几乎把玩家全劝退了，身边朋友也是一个个退游了。这些是问题所在（美服）：1.,首先就是玩家开始减少，导致实力出现两极分化。强的人天天玩，休闲玩家和新手只要一周不玩，每次玩游戏都是在被虐。这可能也是为什么工作室不开始重视美服的原因。没有玩家没有钱赚，开始不重视。2.,因为没有玩家，匹配系统不能按照国服的模式匹配玩家。当时玩第二和前半第三赛季的时候，同段位玩家一场游戏至少要等2到3小时（单排）有些时候甚至要更久。后来他们就改匹配系统了，所有段位玩家都可以匹配到一起。青铜玩家只要过了刚开始那几局人机局，就会被破匹配到其他段位里面。心态再怎么好，对抗这些从第一赛季就开始玩的人，你天天被虐还不如直接放弃比较实在。还有一点是，正常游戏同一时间匹配，匹配到一起的机率本该是很小的，在美服，有90%可能的机率是匹配到一起的。也就是说这一个小时匹配的玩家只够匹配到一局游戏里面。最近他们想靠在Twitch上有流量的主播赚点曝光（美服直播平台）那些刚下载游戏的青铜主播直接被匹配到了修罗局，打3秒就被秒了。匹配下一把同样是老玩家的局，可以说是毫无游戏体验。本来以为xbox可以带来一些玩家，可是他们可以选择不匹配到pc玩家，还可以让对局里匹配的都是机器人，导致他们的排行榜上的段位粉个个过几十万，就等于是人机局上无双修罗。当把他们放在pc玩家局里的时候，活也活不过几秒。像这种情况其他娱乐模式也别想了，美服唯一能匹配的就是排位。3.,优化和服务器上的问题。美服这边西北玩家没有服务器节点，导致在这边玩的人的延迟高达70,80。在东边那些玩家的延迟是30,40。大家也知道在这个游戏里延迟是多重要的一个存在，不像中国服务器全地区都有，美服只有一方有。优化方面，我不知道国服是不是也是自从出了新地图就卡到爆，美服这边是每次更新，就更卡。fps也一直在减。在这边都出了一个梗,“对不起永劫我没有10k的pc”,听说国服笔记本也能玩，美服这边不可能。还有pc配置低的就别入手了，打架屏幕跳帧卡一下，你多半就没了。4.,开挂和恶意组队。现在卡逼挂逼到处都是，振不到的开微加速的基本上在每场游戏里都有，但问题就是美服这边玩家的延迟都不一样，所以玩家都会辩解说自己是低延迟。最恶劣的就是组队的人，光明正大组队的人双排里面天天有，有些演都不带演的，玩家录视频举报上传，结果只有个别人被封，而且只是封3天，只是3天！3天过后又回来组队恶心人。美服这边没有封号的团队，就导致这些破坏游戏环境的玩家到处都是，当你点开这些人的主页的时候，你会发现这些人都是修罗，而且都是前几在排行榜上的人。这边举办比赛不是把玩家拉到同一个场所比赛，而是自个在家比。,像美服举办的比赛，也有人开挂和组队的人。团队的不专业到这种程度我也挺吃惊的。网易那么有钱，永劫在国服那么成功，如果稍微重视一下我们，现在其他服也不会堕落成这样。游戏真的是好游戏，我觉得这个游戏可以在国外也火起来。但是就是因为你们的不重视导致现在永劫只能做国然鸬挠蜗贰６且我说的这几个点真的没有在加重化，你们如果来美服玩，也是第一时候就会发现这些问题所在。我知道我的建议并不会被看到，但我的建议是如果你们还想在国外火起来的话，就加大在外服的专业的团队，让那些开挂和组队的人受到应有的惩罚。先清理现有游戏里的侵害，再想办法把游戏体验优化到和国认嗤一致，给美国加更多服务器节点，让所有人都有差不多的延迟。游戏优化做好了以后再去运营，现在在美国能让游戏再有知名度的爆料就是让游戏免费，但前提是一定要把游戏优化弄好，这样也会留住新玩家。美服现在的状况不能和国服一样去运营，希望策划能用点心真正看看这边需要什么。不然你们在Twitch上那些仅剩的主播们，在2023年也全会退游了，到时候就真的没人为你们在这边打广告了，在美国有火的机会是不可能的了。如果真的哪天你们选择给外服停服，我希望能给我们这些海外留学生一个账号转移到国服的一个机会，毕竟也冲了那么多钱钱，有了很多服饰。
玩n，m，本来就不是给小学生玩的游戏，管n，m，呢服了，网上这么多如91的色情app你不管，这么多黄色你不去，一个这游戏你和谐和谐和谐，喔测泥码了，加p布料呢，算不算欺诈，给不给退钱？？？
傻逼网易，tmd出个垃圾手游还给端游和谐，去你妈的。出个手游个小学生玩吗，现在不是大清。非要留辫子，裹小脚对吗。清朝僵尸复活看到的还是它的大清。闭关锁国是吧。你妈的，路上穿的衣服比这少的不是很多吗。是不是全你妈要拉去坐牢，他妈的手游干嘛，你妈的端游好好的，出个手游要和谐了。你他妈真会玩，傻逼游戏，出个手游给你妈的小学生去玩。不知道你在想些什么，好好的一款游戏他妈的，出个手游全被祸害了。在头上的辫子可以去除，在心里的辫子永远也去除不了，对吗？
《民法总则》中明确规定网络游戏的虚拟人物形象、道具等商业产品，具有【财产属性】，是消费者购买并合法拥有的【个人财产】。网络游戏公司不得以任何理由，在未经消费者同意的情况下擅自对消费者已购买的产品做出外观和功能上的改变。网游运营公司不得以任何通知、声明、格式条款等模式来对消费者进行不公平的规定和限制，以此来逼迫消费者接受处于“强势方”的不合理安排。
不玩一天难受玩了难受一天
sb
对这个游戏有很大的期望，希望狗网易别搞毁了
不适合新手，来的是晒比，纯纯怨种
很好玩,
我是傻逼
好玩
单排环境太差了，都是组狗，官方也不管
666
真垃圾策划，,皮肤天天出，优化不好好搞！,垃圾,这辈子都不想玩了。"
7,7,https://store.steampowered.com/app/814380/,814380,"(' ', 'error', ' ', ' ', ' ', ' ', ' ', ' ', ' ')", ,error, , , , , , , 
8,8,https://store.steampowered.com/app/289070/,289070,"('Sid Meier’s Civilization? VI', 'HK$69.00', '策略\n回合战略\n历史\n多人\n单人\n回合制\n大战略\n4X\n战争\n模拟\n城市营造\n战术\n建造\n管理\n好评原声音轨\n可模组化\n在线合作\n合作\n六角格棋盘\n氛围', '《文明VI》是屡获殊荣的《文明》系列的最新作品。扩张疆域，发展文化，并与历史上最伟大的领袖正面交锋。你的文明是否能经得起时间的考验？', '特别好评', '2016 年 10 月 20 日', '过去 30 天内的 3,305 篇用户评测中有 87% 为好评。', 'Firaxis Games', '绕过2k启动器打开游戏的方法1.,打开【steam】，右键【文明六】点击【管理】，选择【浏览本地文件】2.,来到文件界面，依次打开【Bast】→【Binaries】→【Win64Steam】3.,右键【CivilizationVI_DX12】，选择【发送到】，点击【桌面快捷方式】4.,回到桌面，右键快捷方式，点击【属性】，复制目标后面那一大串字符5.,回到【steam】，找到文明六游戏，右键后左键选择【属性】6.,将之前复制的玩意粘贴在启动选项，并在后面添加%command%字符。重点来了！添加的字符与粘贴的文字之间需要添加一个空格7.,点击【开始游戏】复制评论区的，每次下载都忘，放自己评论区备忘一下\n原价买的，我是傻逼\n好久没玩文明6了玩了维多利亚3的大清，上头来一把秦始皇，教世界做人\n稍微浅玩了一下\n给朋友口了3他终于给我买了\n不会做启动器，可以不做。\n文明6是一款靠耐心，靠运气，靠技术，靠思考的游戏，如何运营，如何规划，是重中之重。我从萌新开始接触，实在玩不懂，断断续续的又接触过几次，因为它是属于我爱的经营策略类的游戏，所以它不曾擦肩而过。终于我上网查了攻略，于是，像打开了新世界的大门，我开始沉浸在其中，王子难度我赢得了各种胜利，于是我开始征讨神级，终于，我知道了我依然是个菜鸟，我去看各种攻略，发现了各种套路，啊，原来墨守成规并不是通往胜利的方向，要学会变通，就如文明更迭，在里面我学习到了更为内涵的现实世界观，原来，文明是个奇迹，从水下的第一个生命......\n垃圾游戏，两分钟就玩腻了\n不能买卖倪哥\n非常简单，容易上手，节奏很快，基本上五分钟一局\n入门了\n秃了\n时间杀手\n-\n真好玩，8.01开了8.82就结束了\n我给我女朋友扣了3小时,才给我买的\n好评666\n好\n一款能让你体会国家领导人需要干什么的好游戏,真的上头\n好')",Sid Meier’s Civilization? VI,HK$69.00,"策略
回合战略
历史
多人
单人
回合制
大战略
4X
战争
模拟
城市营造
战术
建造
管理
好评原声音轨
可模组化
在线合作
合作
六角格棋盘
氛围",《文明VI》是屡获殊荣的《文明》系列的最新作品。扩张疆域，发展文化，并与历史上最伟大的领袖正面交锋。你的文明是否能经得起时间的考验？,特别好评,2016 年 10 月 20 日,"过去 30 天内的 3,305 篇用户评测中有 87% 为好评。",Firaxis Games,"绕过2k启动器打开游戏的方法1.,打开【steam】，右键【文明六】点击【管理】，选择【浏览本地文件】2.,来到文件界面，依次打开【Bast】→【Binaries】→【Win64Steam】3.,右键【CivilizationVI_DX12】，选择【发送到】，点击【桌面快捷方式】4.,回到桌面，右键快捷方式，点击【属性】，复制目标后面那一大串字符5.,回到【steam】，找到文明六游戏，右键后左键选择【属性】6.,将之前复制的玩意粘贴在启动选项，并在后面添加%command%字符。重点来了！添加的字符与粘贴的文字之间需要添加一个空格7.,点击【开始游戏】复制评论区的，每次下载都忘，放自己评论区备忘一下
原价买的，我是傻逼
好久没玩文明6了玩了维多利亚3的大清，上头来一把秦始皇，教世界做人
稍微浅玩了一下
给朋友口了3他终于给我买了
不会做启动器，可以不做。
文明6是一款靠耐心，靠运气，靠技术，靠思考的游戏，如何运营，如何规划，是重中之重。我从萌新开始接触，实在玩不懂，断断续续的又接触过几次，因为它是属于我爱的经营策略类的游戏，所以它不曾擦肩而过。终于我上网查了攻略，于是，像打开了新世界的大门，我开始沉浸在其中，王子难度我赢得了各种胜利，于是我开始征讨神级，终于，我知道了我依然是个菜鸟，我去看各种攻略，发现了各种套路，啊，原来墨守成规并不是通往胜利的方向，要学会变通，就如文明更迭，在里面我学习到了更为内涵的现实世界观，原来，文明是个奇迹，从水下的第一个生命......
垃圾游戏，两分钟就玩腻了
不能买卖倪哥
非常简单，容易上手，节奏很快，基本上五分钟一局
入门了
秃了
时间杀手
-
真好玩，8.01开了8.82就结束了
我给我女朋友扣了3小时,才给我买的
好评666
好
一款能让你体会国家领导人需要干什么的好游戏,真的上头
好"
9,9,https://store.steampowered.com/app/1172470/,1172470,"('Apex Legends?', 'HK$319.00', '免费开玩\n多人\n大逃杀\n射击\n第一人称\n第一人称射击\n玩家对战\n动作\n英雄射击\n团队导向\n战术\n生存\n角色自定义\n科幻\n刷宝\n欢乐\n故事架构丰富 \n合作\n赛博朋克\n电影式', '由Respawn Entertainment开发制作，屡获殊荣的《Apex Legends》，是一款免费大逃杀英雄射击游戏。在这款革命性的新一代大逃杀英雄射击游戏中，掌控日益丰富且拥有强大技能的传奇角色，深度体验战术小队玩法及创新游戏元素。', '褒贬不一', '2020 年 11 月 4 日', '过去 30 天内的 11,044 篇用户评测中有 69% 为好评。', 'Respawn Entertainment', '陪兄弟玩的，他很喜欢这个游戏，而我不一样，我喜欢他。\n游戏是好玩的反作弊是没用的锁国区是脑瘫的服务器是乐色的重生是没有妈妈的\n操你妈重生，????,you,Respawn,Entertainment昨天好好的，今天疯狂闪退，电脑啥也没改，莫名闪退你真该死啊重生\n非常好的游戏，另外今天是牛子节，点赞这段话，牛子精灵就会在你睡着的时候偷偷给你的牛子加长2厘米，但是如果你看到了这段话不点赞的话，你的牛子就会缩短1厘米\n首先说一下本人的配置为，I5七代，GTX1050TI显卡笔记本。如果跟本人配置一样还没有解决的话可以直接看下面的步骤。其次请注意，此方法并不完美，请4核以上的CPU在确定自己在看了网上所有的解决办法之后，还是没有解决的按照此办法进行，因为这可能会导致你的画面撕裂，是本人在翻了EA论坛还有REDDIT之后综合的办法。第一步\xa0,\xa0,首先确定自己的apex画面设置里面，关于阴影的全部细节已经关闭。第二步\xa0,\xa0请根据图片路径找到videoconfig文件，然后将其备份到随便一个你能找到的地方，防止出错有备无患。保存的游戏之前的两个文件名可能会不一样第二步\xa0,\xa0,下载:https://wwk.lanzoul.com/iLpKf0ffugli\xa0密码:3akz\xa0,\xa0,将下载好的文件放进local文件夹中替换掉，替换掉之后一定要记得右键videoconfig文件选择“只读”，然后应用确定。不然游戏会自己更改掉画面设置。\xa0,\xa0,（PS：因为videoconfig文件里面的代码就是游戏里面的视频设置，所以在设置只读之后你将无法保存在此之后你在游戏里面的画面设置。解除办法就是把videoconfig文件取消只读就可以了）第三步\xa0,\xa0,在启动项里面添加-cl_forcepreload,-preload,-high,-dxlevel95,+watchdog_time_milliseconds,10000;,+fps_max,60;,-eac_launcher_settings,SettingsDX12.json\xa0,\xa0,着重注意-eac_launcher_settings\xa0SettingsDX12.json这串启动项需要确定你的电脑是否支持DX12，检查方式是win+R输入“dxdiag""，选择显卡，功能级别是12开头的就行\xa0,\xa0,要是你的steam启动项里面还有其他的启动项，我不保证这串启动项会不会跟你以前的启动项起冲突。其余启动项的意思分别是\xa0,\xa0\xa0-cl_forcepreload此启动项会强制预先加载纹理\xa0,\xa0\xa0+watchdog_time_milliseconds\xa010000此启动项为重生官方发布的卡屏提交代码，可以不带，不过他可以在你卡屏的10秒后让你可以取消你的游戏。可加可不加。\xa0,\xa0\xa0+fps_max\xa060此启动项会让你的游戏锁定60针，让CPU轻松一点。不过也有可能是导致画面撕裂的罪魁祸首。第四步\xa0,\xa0开头蹦出的“游戏无响应”是因为+watchdog_time_milliseconds,10000这个启动项，点击重试即可,然后开游戏，就可以玩啦。如果觉得画质不好，可以将之前备份的videoconfig文件重新替换回来。不过会不会有一样的效果我也不敢保证。因为第一次做这方面的专栏，所以话多了点，感谢您能看完。如果这对你有帮助我会非常开心，毕竟我自己自从新赛季更新之后就从来没正常的打过一把，知道那是怎样的恼火，怪就怪重生懒狗不好好优化。,作者：本人巨坑,https://www.bilibili.com/read/cv19598122/,出处：bilibili\n听党指挥,能打胜仗?????????????????????????????????????????????????????????????????????????????????????????????????????????????????????????????????????????????????????????????????????????????????????????????????????????????????????????????????????????????????????????????????????????????????????????????????????????????????????????????????????\n重生麻麻死了,\n学习累了来1把,我半小时能开10把\n非常容易上头，也非常容易被自己菜到高血压！\n重生你妈死了吧，新赛季真得太爽啦，打一把排位卡三次，机器人打一半你妈的给我卡死。重生：玩家游戏体验关我屁事，你们卡传家宝影响我赚钱了,\n兹崩很好玩\n高延t服掌g迎您,\n游戏真的很好玩，真的.....等一下我拉个大电接着说\nhw\n一直转圈圈？\n大哥一个滑索秒两个，我还能说什么\n组队白给很好玩，但是一个人的时候很坐牢。所以说没有单人赛的大逃杀是不完整的\n666\n莫名其妙被ban,\n练枪中')",Apex Legends?,HK$319.00,"免费开玩
多人
大逃杀
射击
第一人称
第一人称射击
玩家对战
动作
英雄射击
团队导向
战术
生存
角色自定义
科幻
刷宝
欢乐
故事架构丰富 
合作
赛博朋克
电影式",由Respawn Entertainment开发制作，屡获殊荣的《Apex Legends》，是一款免费大逃杀英雄射击游戏。在这款革命性的新一代大逃杀英雄射击游戏中，掌控日益丰富且拥有强大技能的传奇角色，深度体验战术小队玩法及创新游戏元素。,褒贬不一,2020 年 11 月 4 日,"过去 30 天内的 11,044 篇用户评测中有 69% 为好评。",Respawn Entertainment,"陪兄弟玩的，他很喜欢这个游戏，而我不一样，我喜欢他。
游戏是好玩的反作弊是没用的锁国区是脑瘫的服务器是乐色的重生是没有妈妈的
操你妈重生，????,you,Respawn,Entertainment昨天好好的，今天疯狂闪退，电脑啥也没改，莫名闪退你真该死啊重生
非常好的游戏，另外今天是牛子节，点赞这段话，牛子精灵就会在你睡着的时候偷偷给你的牛子加长2厘米，但是如果你看到了这段话不点赞的话，你的牛子就会缩短1厘米
首先说一下本人的配置为，I5七代，GTX1050TI显卡笔记本。如果跟本人配置一样还没有解决的话可以直接看下面的步骤。其次请注意，此方法并不完美，请4核以上的CPU在确定自己在看了网上所有的解决办法之后，还是没有解决的按照此办法进行，因为这可能会导致你的画面撕裂，是本人在翻了EA论坛还有REDDIT之后综合的办法。第一步?,?,首先确定自己的apex画面设置里面，关于阴影的全部细节已经关闭。第二步?,?请根据图片路径找到videoconfig文件，然后将其备份到随便一个你能找到的地方，防止出错有备无患。保存的游戏之前的两个文件名可能会不一样第二步?,?,下载:https://wwk.lanzoul.com/iLpKf0ffugli?密码:3akz?,?,将下载好的文件放进local文件夹中替换掉，替换掉之后一定要记得右键videoconfig文件选择“只读”，然后应用确定。不然游戏会自己更改掉画面设置。?,?,（PS：因为videoconfig文件里面的代码就是游戏里面的视频设置，所以在设置只读之后你将无法保存在此之后你在游戏里面的画面设置。解除办法就是把videoconfig文件取消只读就可以了）第三步?,?,在启动项里面添加-cl_forcepreload,-preload,-high,-dxlevel95,+watchdog_time_milliseconds,10000;,+fps_max,60;,-eac_launcher_settings,SettingsDX12.json?,?,着重注意-eac_launcher_settings?SettingsDX12.json这串启动项需要确定你的电脑是否支持DX12，检查方式是win+R输入“dxdiag""，选择显卡，功能级别是12开头的就行?,?,要是你的steam启动项里面还有其他的启动项，我不保证这串启动项会不会跟你以前的启动项起冲突。其余启动项的意思分别是?,??-cl_forcepreload此启动项会强制预先加载纹理?,??+watchdog_time_milliseconds?10000此启动项为重生官方发布的卡屏提交代码，可以不带，不过他可以在你卡屏的10秒后让你可以取消你的游戏。可加可不加。?,??+fps_max?60此启动项会让你的游戏锁定60针，让CPU轻松一点。不过也有可能是导致画面撕裂的罪魁祸首。第四步?,?开头蹦出的“游戏无响应”是因为+watchdog_time_milliseconds,10000这个启动项，点击重试即可,然后开游戏，就可以玩啦。如果觉得画质不好，可以将之前备份的videoconfig文件重新替换回来。不过会不会有一样的效果我也不敢保证。因为第一次做这方面的专栏，所以话多了点，感谢您能看完。如果这对你有帮助我会非常开心，毕竟我自己自从新赛季更新之后就从来没正常的打过一把，知道那是怎样的恼火，怪就怪重生懒狗不好好优化。,作者：本人巨坑,https://www.bilibili.com/read/cv19598122/,出处：bilibili
听党指挥,能打胜仗?????????????????????????????????????????????????????????????????????????????????????????????????????????????????????????????????????????????????????????????????????????????????????????????????????????????????????????????????????????????????????????????????????????????????????????????????????????????????????????????????????
重生麻麻死了,
学习累了来1把,我半小时能开10把
非常容易上头，也非常容易被自己菜到高血压！
重生你妈死了吧，新赛季真得太爽啦，打一把排位卡三次，机器人打一半你妈的给我卡死。重生：玩家游戏体验关我屁事，你们卡传家宝影响我赚钱了,
兹崩很好玩
高延t服掌g迎您,
游戏真的很好玩，真的.....等一下我拉个大电接着说
hw
一直转圈圈？
大哥一个滑索秒两个，我还能说什么
组队白给很好玩，但是一个人的时候很坐牢。所以说没有单人赛的大逃杀是不完整的
666
莫名其妙被ban,
练枪中"
